00000_sd3_fp4_seed123_s30_g6.5_str0.45.png,3.39,sd3,fp4,123,30,6.5,0.45,00000
00000_sd15_fp4_seed123_s30_g3.5_str0.6.png,3.57,sd15,fp4,123,30,3.5,0.6,00000
00000_sd3_fp4_seed123_s30_g5.0_str0.45.png,3.75,sd3,fp4,123,30,5.0,0.45,00000
00000_sd15_fp4_seed123_s30_g5.0_str0.6.png,4.3,sd15,fp4,123,30,5.0,0.6,00000
00000_sd35_fp4_seed123_s50_g6.5_str0.45.png,4.47,sd35,fp4,123,50,6.5,0.45,00000
00000_sd3_fp4_seed123_s30_g3.5_str0.45.png,4.53,sd3,fp4,123,30,3.5,0.45,00000
00000_sd35_fp4_seed123_s40_g6.5_str0.45.png,4.54,sd35,fp4,123,40,6.5,0.45,00000
00000_sd3_fp4_seed123_s30_g6.5_str0.3.png,4.54,sd3,fp4,123,30,6.5,0.3,00000
00000_sd3_fp16_seed123_s40_g6.5_str0.45.png,4.64,sd3,fp16,123,40,6.5,0.45,00000
00000_sd35_fp4_seed123_s30_g6.5_str0.45.png,4.67,sd35,fp4,123,30,6.5,0.45,00000
00000_sd3_fp4_seed123_s50_g3.5_str0.45.png,4.77,sd3,fp4,123,50,3.5,0.45,00000
00000_sd3_fp4_seed123_s50_g5.0_str0.45.png,4.78,sd3,fp4,123,50,5.0,0.45,00000
00000_sd35_fp8_seed123_s50_g3.5_str0.45.png,4.81,sd35,fp8,123,50,3.5,0.45,00000
00000_sd3_fp4_seed123_s40_g3.5_str0.45.png,4.91,sd3,fp4,123,40,3.5,0.45,00000
00000_sd15_fp4_seed123_s40_g3.5_str0.6.png,4.95,sd15,fp4,123,40,3.5,0.6,00000
00000_sd3_fp4_seed123_s30_g5.0_str0.3.png,5.04,sd3,fp4,123,30,5.0,0.3,00000
00000_sd3_fp4_seed123_s40_g5.0_str0.45.png,5.05,sd3,fp4,123,40,5.0,0.45,00000
00000_sd35_fp4_seed123_s50_g5.0_str0.45.png,5.19,sd35,fp4,123,50,5.0,0.45,00000
00000_sd3_fp4_seed123_s40_g6.5_str0.45.png,5.22,sd3,fp4,123,40,6.5,0.45,00000
00000_sd35_fp4_seed123_s50_g3.5_str0.45.png,5.31,sd35,fp4,123,50,3.5,0.45,00000
00000_sd3_fp4_seed123_s50_g6.5_str0.45.png,5.37,sd3,fp4,123,50,6.5,0.45,00000
00000_sd35_fp4_seed123_s30_g5.0_str0.45.png,5.44,sd35,fp4,123,30,5.0,0.45,00000
00000_sd35_fp16_seed123_s40_g3.5_str0.6.png,5.55,sd35,fp16,123,40,3.5,0.6,00000
00000_sd35_fp4_seed123_s30_g3.5_str0.45.png,5.59,sd35,fp4,123,30,3.5,0.45,00000
00000_sd3_fp4_seed123_s50_g5.0_str0.3.png,5.62,sd3,fp4,123,50,5.0,0.3,00000
00000_sd35_fp8_seed123_s30_g5.0_str0.6.png,5.64,sd35,fp8,123,30,5.0,0.6,00000
00000_sd15_fp4_seed123_s40_g3.5_str0.45.png,5.72,sd15,fp4,123,40,3.5,0.45,00000
00000_sd3_fp4_seed123_s40_g5.0_str0.6.png,5.83,sd3,fp4,123,40,5.0,0.6,00000
00000_sd35_fp16_seed123_s30_g5.0_str0.45.png,5.99,sd35,fp16,123,30,5.0,0.45,00000
00000_sd35_fp4_seed123_s40_g5.0_str0.45.png,6.03,sd35,fp4,123,40,5.0,0.45,00000
00000_sd15_fp4_seed123_s50_g3.5_str0.6.png,6.11,sd15,fp4,123,50,3.5,0.6,00000
00000_sd15_fp4_seed123_s30_g3.5_str0.45.png,6.11,sd15,fp4,123,30,3.5,0.45,00000
00000_sd15_fp4_seed123_s50_g3.5_str0.45.png,6.13,sd15,fp4,123,50,3.5,0.45,00000
00000_sd3_fp4_seed123_s30_g3.5_str0.6.png,6.16,sd3,fp4,123,30,3.5,0.6,00000
00000_sd3_fp16_seed123_s30_g5.0_str0.45.png,6.18,sd3,fp16,123,30,5.0,0.45,00000
00000_sd35_fp4_seed123_s40_g3.5_str0.45.png,6.21,sd35,fp4,123,40,3.5,0.45,00000
00000_sd3_fp4_seed123_s30_g5.0_str0.6.png,6.25,sd3,fp4,123,30,5.0,0.6,00000
00000_sd35_fp16_seed123_s30_g3.5_str0.6.png,6.27,sd35,fp16,123,30,3.5,0.6,00000
00000_sd35_fp8_seed123_s50_g6.5_str0.45.png,6.27,sd35,fp8,123,50,6.5,0.45,00000
00000_sd35_fp8_seed123_s40_g3.5_str0.45.png,6.32,sd35,fp8,123,40,3.5,0.45,00000
00000_sd35_fp16_seed123_s50_g3.5_str0.6.png,6.33,sd35,fp16,123,50,3.5,0.6,00000
00000_sd35_fp8_seed123_s40_g3.5_str0.6.png,6.33,sd35,fp8,123,40,3.5,0.6,00000
00000_sd3_fp4_seed123_s30_g6.5_str0.6.png,6.35,sd3,fp4,123,30,6.5,0.6,00000
00000_sd3_fp16_seed123_s50_g5.0_str0.45.png,6.46,sd3,fp16,123,50,5.0,0.45,00000
00000_sd3_fp16_seed123_s30_g3.5_str0.45.png,6.49,sd3,fp16,123,30,3.5,0.45,00000
00000_sd3_fp4_seed123_s50_g3.5_str0.3.png,6.49,sd3,fp4,123,50,3.5,0.3,00000
00000_sd3_fp4_seed123_s50_g6.5_str0.3.png,6.6,sd3,fp4,123,50,6.5,0.3,00000
00000_sd35_fp8_seed123_s40_g6.5_str0.45.png,6.66,sd35,fp8,123,40,6.5,0.45,00000
00000_sd35_fp8_seed123_s30_g3.5_str0.45.png,6.73,sd35,fp8,123,30,3.5,0.45,00000
00000_sd3_fp4_seed123_s40_g3.5_str0.6.png,6.81,sd3,fp4,123,40,3.5,0.6,00000
00000_sd15_fp4_seed123_s40_g5.0_str0.45.png,6.85,sd15,fp4,123,40,5.0,0.45,00000
00000_sd3_fp4_seed123_s50_g5.0_str0.6.png,6.88,sd3,fp4,123,50,5.0,0.6,00000
00000_sd3_fp4_seed123_s40_g6.5_str0.6.png,6.91,sd3,fp4,123,40,6.5,0.6,00000
00000_sd3_fp4_seed123_s50_g3.5_str0.6.png,6.98,sd3,fp4,123,50,3.5,0.6,00000
00000_sd3_fp4_seed123_s30_g3.5_str0.3.png,6.99,sd3,fp4,123,30,3.5,0.3,00000
00000_sd3_fp16_seed123_s50_g3.5_str0.6.png,7.13,sd3,fp16,123,50,3.5,0.6,00000
00000_sd3_fp16_seed123_s30_g3.5_str0.6.png,7.16,sd3,fp16,123,30,3.5,0.6,00000
00000_sd35_fp8_seed123_s50_g5.0_str0.45.png,7.2,sd35,fp8,123,50,5.0,0.45,00000
00000_sd15_fp4_seed123_s50_g5.0_str0.45.png,7.22,sd15,fp4,123,50,5.0,0.45,00000
00000_sd3_fp4_seed123_s40_g3.5_str0.3.png,7.29,sd3,fp4,123,40,3.5,0.3,00000
00000_sd3_fp16_seed123_s50_g3.5_str0.45.png,7.31,sd3,fp16,123,50,3.5,0.45,00000
00000_sd35_fp8_seed123_s50_g5.0_str0.6.png,7.43,sd35,fp8,123,50,5.0,0.6,00000
00000_sd35_fp16_seed123_s40_g5.0_str0.45.png,7.48,sd35,fp16,123,40,5.0,0.45,00000
00000_sd35_fp8_seed123_s40_g5.0_str0.45.png,7.49,sd35,fp8,123,40,5.0,0.45,00000
00000_sd3_fp4_seed123_s40_g5.0_str0.3.png,7.57,sd3,fp4,123,40,5.0,0.3,00000
00000_sd15_fp16_seed123_s40_g3.5_str0.45.png,7.6,sd15,fp16,123,40,3.5,0.45,00000
00000_sd15_fp4_seed123_s30_g5.0_str0.45.png,7.76,sd15,fp4,123,30,5.0,0.45,00000
00000_sd3_fp4_seed123_s40_g6.5_str0.3.png,7.8,sd3,fp4,123,40,6.5,0.3,00000
00000_sd35_fp8_seed123_s50_g3.5_str0.6.png,7.85,sd35,fp8,123,50,3.5,0.6,00000
00000_sd35_fp16_seed123_s30_g3.5_str0.45.png,7.91,sd35,fp16,123,30,3.5,0.45,00000
00000_sd35_fp16_seed123_s50_g3.5_str0.45.png,7.97,sd35,fp16,123,50,3.5,0.45,00000
00000_sd35_fp8_seed123_s30_g3.5_str0.6.png,8.04,sd35,fp8,123,30,3.5,0.6,00000
00000_sd15_fp8_seed123_s40_g3.5_str0.45.png,8.15,sd15,fp8,123,40,3.5,0.45,00000
00000_sd3_fp8_seed123_s50_g3.5_str0.6.png,8.15,sd3,fp8,123,50,3.5,0.6,00000
00000_sd35_fp16_seed123_s50_g5.0_str0.45.png,8.38,sd35,fp16,123,50,5.0,0.45,00000
00000_sd35_fp16_seed123_s30_g5.0_str0.6.png,8.46,sd35,fp16,123,30,5.0,0.6,00000
00000_sd15_fp4_seed123_s40_g6.5_str0.45.png,8.49,sd15,fp4,123,40,6.5,0.45,00000
00000_sd3_fp16_seed123_s50_g5.0_str0.6.png,8.56,sd3,fp16,123,50,5.0,0.6,00000
00000_sd15_fp16_seed123_s30_g3.5_str0.45.png,8.57,sd15,fp16,123,30,3.5,0.45,00000
00000_sd35_fp16_seed123_s40_g6.5_str0.45.png,8.62,sd35,fp16,123,40,6.5,0.45,00000
00000_sd35_fp8_seed123_s40_g5.0_str0.6.png,8.64,sd35,fp8,123,40,5.0,0.6,00000
00000_sd3_fp8_seed123_s30_g6.5_str0.6.png,8.7,sd3,fp8,123,30,6.5,0.6,00000
00000_sd15_fp4_seed123_s50_g6.5_str0.45.png,8.87,sd15,fp4,123,50,6.5,0.45,00000
00000_sd15_fp4_seed123_s30_g6.5_str0.45.png,8.93,sd15,fp4,123,30,6.5,0.45,00000
00000_sd15_fp8_seed123_s30_g3.5_str0.45.png,9.1,sd15,fp8,123,30,3.5,0.45,00000
00000_sd15_fp8_seed123_s30_g3.5_str0.6.png,9.18,sd15,fp8,123,30,3.5,0.6,00000
00000_sd3_fp16_seed123_s30_g5.0_str0.6.png,9.18,sd3,fp16,123,30,5.0,0.6,00000
00000_sd35_fp16_seed123_s30_g6.5_str0.45.png,9.21,sd35,fp16,123,30,6.5,0.45,00000
00000_sd35_fp16_seed123_s40_g3.5_str0.45.png,9.24,sd35,fp16,123,40,3.5,0.45,00000
00000_sd35_fp16_seed123_s40_g5.0_str0.6.png,9.28,sd35,fp16,123,40,5.0,0.6,00000
00000_sd15_fp16_seed123_s30_g3.5_str0.6.png,9.34,sd15,fp16,123,30,3.5,0.6,00000
00000_sd35_fp16_seed123_s50_g6.5_str0.45.png,9.34,sd35,fp16,123,50,6.5,0.45,00000
00000_sd15_fp16_seed123_s50_g3.5_str0.45.png,9.35,sd15,fp16,123,50,3.5,0.45,00000
00000_sd3_fp16_seed123_s30_g6.5_str0.6.png,9.48,sd3,fp16,123,30,6.5,0.6,00000
00000_sd35_fp16_seed123_s40_g6.5_str0.6.png,9.55,sd35,fp16,123,40,6.5,0.6,00000
00000_sd35_fp4_seed123_s50_g3.5_str0.6.png,9.64,sd35,fp4,123,50,3.5,0.6,00000
00000_sd35_fp4_seed123_s40_g3.5_str0.6.png,10.07,sd35,fp4,123,40,3.5,0.6,00000
00000_sd3_fp16_seed123_s50_g6.5_str0.45.png,10.09,sd3,fp16,123,50,6.5,0.45,00000
00000_sd3_fp16_seed123_s40_g3.5_str0.45.png,10.38,sd3,fp16,123,40,3.5,0.45,00000
00000_sd15_fp8_seed123_s50_g3.5_str0.45.png,10.39,sd15,fp8,123,50,3.5,0.45,00000
00000_sd3_fp4_seed123_s50_g6.5_str0.6.png,10.44,sd3,fp4,123,50,6.5,0.6,00000
00000_sd3_fp8_seed123_s50_g6.5_str0.6.png,11.15,sd3,fp8,123,50,6.5,0.6,00000
00000_sd35_fp4_seed123_s30_g3.5_str0.6.png,11.21,sd35,fp4,123,30,3.5,0.6,00000
00000_sd35_fp16_seed123_s50_g6.5_str0.6.png,11.35,sd35,fp16,123,50,6.5,0.6,00000
00000_sd3_fp8_seed123_s50_g5.0_str0.6.png,11.48,sd3,fp8,123,50,5.0,0.6,00000
00000_sd3_fp8_seed123_s30_g3.5_str0.6.png,11.73,sd3,fp8,123,30,3.5,0.6,00000
00000_sd35_fp16_seed123_s50_g5.0_str0.6.png,11.9,sd35,fp16,123,50,5.0,0.6,00000
00000_sd3_fp16_seed123_s40_g6.5_str0.6.png,11.94,sd3,fp16,123,40,6.5,0.6,00000
00000_sd35_fp8_seed123_s50_g6.5_str0.6.png,12.13,sd35,fp8,123,50,6.5,0.6,00000
00000_sd35_fp4_seed123_s50_g5.0_str0.6.png,12.28,sd35,fp4,123,50,5.0,0.6,00000
00000_sd3_fp8_seed123_s50_g3.5_str0.45.png,12.46,sd3,fp8,123,50,3.5,0.45,00000
00000_sd3_fp16_seed123_s40_g3.5_str0.6.png,12.5,sd3,fp16,123,40,3.5,0.6,00000
00000_sd15_fp16_seed123_s40_g5.0_str0.45.png,12.5,sd15,fp16,123,40,5.0,0.45,00000
00000_sd3_fp16_seed123_s50_g6.5_str0.6.png,12.5,sd3,fp16,123,50,6.5,0.6,00000
00000_sd15_fp4_seed123_s30_g6.5_str0.6.png,12.75,sd15,fp4,123,30,6.5,0.6,00000
00000_sd15_fp4_seed123_s40_g5.0_str0.6.png,12.79,sd15,fp4,123,40,5.0,0.6,00000
00000_sd35_fp4_seed123_s40_g5.0_str0.6.png,12.95,sd35,fp4,123,40,5.0,0.6,00000
00000_sd3_fp16_seed123_s40_g5.0_str0.6.png,13.09,sd3,fp16,123,40,5.0,0.6,00000
00000_sd15_fp16_seed123_s30_g5.0_str0.45.png,13.12,sd15,fp16,123,30,5.0,0.45,00000
00000_sd3_fp8_seed123_s40_g6.5_str0.6.png,13.24,sd3,fp8,123,40,6.5,0.6,00000
00000_sd3_fp16_seed123_s40_g5.0_str0.45.png,13.46,sd3,fp16,123,40,5.0,0.45,00000
00000_sd3_fp8_seed123_s40_g5.0_str0.6.png,13.61,sd3,fp8,123,40,5.0,0.6,00000
00000_sd35_fp16_seed123_s30_g6.5_str0.6.png,13.68,sd35,fp16,123,30,6.5,0.6,00000
00000_sd3_fp8_seed123_s30_g5.0_str0.6.png,14.11,sd3,fp8,123,30,5.0,0.6,00000
00000_sd15_fp16_seed123_s40_g3.5_str0.6.png,14.14,sd15,fp16,123,40,3.5,0.6,00000
00000_sd15_fp8_seed123_s40_g3.5_str0.6.png,14.29,sd15,fp8,123,40,3.5,0.6,00000
00000_sd15_fp8_seed123_s40_g5.0_str0.45.png,14.29,sd15,fp8,123,40,5.0,0.45,00000
00000_sd15_fp4_seed123_s30_g3.5_str0.3.png,14.44,sd15,fp4,123,30,3.5,0.3,00000
00000_sd15_fp4_seed123_s40_g3.5_str0.3.png,14.45,sd15,fp4,123,40,3.5,0.3,00000
00000_sd15_fp4_seed123_s30_g5.0_str0.3.png,14.78,sd15,fp4,123,30,5.0,0.3,00000
00000_sd15_fp8_seed123_s50_g6.5_str0.3.png,14.86,sd15,fp8,123,50,6.5,0.3,00000
00000_sd15_fp4_seed123_s50_g3.5_str0.3.png,15.08,sd15,fp4,123,50,3.5,0.3,00000
00001_sd3_fp4_seed124_s30_g3.5_str0.6.png,15.11,sd3,fp4,124,30,3.5,0.6,00001
00000_sd15_fp4_seed123_s40_g5.0_str0.3.png,15.19,sd15,fp4,123,40,5.0,0.3,00000
00000_sd15_fp16_seed123_s50_g5.0_str0.45.png,15.3,sd15,fp16,123,50,5.0,0.45,00000
00000_sd35_fp8_seed123_s40_g6.5_str0.6.png,15.42,sd35,fp8,123,40,6.5,0.6,00000
00000_sd15_fp4_seed123_s30_g6.5_str0.3.png,15.51,sd15,fp4,123,30,6.5,0.3,00000
00000_sd3_fp8_seed123_s40_g3.5_str0.6.png,15.63,sd3,fp8,123,40,3.5,0.6,00000
00000_sd35_fp8_seed123_s30_g6.5_str0.6.png,15.79,sd35,fp8,123,30,6.5,0.6,00000
00000_sd15_fp4_seed123_s50_g5.0_str0.3.png,15.84,sd15,fp4,123,50,5.0,0.3,00000
00000_sd15_fp4_seed123_s40_g6.5_str0.3.png,16.07,sd15,fp4,123,40,6.5,0.3,00000
00000_sd15_fp8_seed123_s50_g5.0_str0.3.png,16.3,sd15,fp8,123,50,5.0,0.3,00000
00000_sd15_fp8_seed123_s40_g5.0_str0.3.png,16.3,sd15,fp8,123,40,5.0,0.3,00000
00000_sd15_fp8_seed123_s50_g3.5_str0.6.png,16.33,sd15,fp8,123,50,3.5,0.6,00000
00000_sd3_fp8_seed123_s30_g3.5_str0.45.png,16.44,sd3,fp8,123,30,3.5,0.45,00000
00000_sd15_fp8_seed123_s30_g5.0_str0.45.png,16.45,sd15,fp8,123,30,5.0,0.45,00000
00000_sd15_fp8_seed123_s50_g3.5_str0.3.png,16.61,sd15,fp8,123,50,3.5,0.3,00000
00000_sd15_fp8_seed123_s50_g5.0_str0.45.png,16.68,sd15,fp8,123,50,5.0,0.45,00000
00000_sd35_fp4_seed123_s30_g5.0_str0.6.png,16.86,sd35,fp4,123,30,5.0,0.6,00000
00000_sd15_fp8_seed123_s40_g6.5_str0.3.png,16.91,sd15,fp8,123,40,6.5,0.3,00000
00000_sd15_fp16_seed123_s50_g3.5_str0.6.png,17.02,sd15,fp16,123,50,3.5,0.6,00000
00000_sd15_fp16_seed123_s50_g5.0_str0.3.png,17.05,sd15,fp16,123,50,5.0,0.3,00000
00000_sd35_fp4_seed123_s40_g6.5_str0.6.png,17.09,sd35,fp4,123,40,6.5,0.6,00000
00000_sd15_fp16_seed123_s50_g6.5_str0.3.png,17.12,sd15,fp16,123,50,6.5,0.3,00000
00001_sd3_fp4_seed124_s50_g5.0_str0.6.png,17.16,sd3,fp4,124,50,5.0,0.6,00001
00000_sd15_fp4_seed123_s50_g6.5_str0.3.png,17.17,sd15,fp4,123,50,6.5,0.3,00000
00000_sd15_fp16_seed123_s50_g3.5_str0.3.png,17.23,sd15,fp16,123,50,3.5,0.3,00000
00000_sd15_fp16_seed123_s40_g6.5_str0.3.png,17.34,sd15,fp16,123,40,6.5,0.3,00000
00000_sd35_fp4_seed123_s50_g6.5_str0.6.png,17.48,sd35,fp4,123,50,6.5,0.6,00000
00000_sd3_fp16_seed123_s30_g6.5_str0.45.png,17.54,sd3,fp16,123,30,6.5,0.45,00000
00000_sd15_fp16_seed123_s40_g5.0_str0.3.png,17.59,sd15,fp16,123,40,5.0,0.3,00000
00000_sd15_fp16_seed123_s40_g6.5_str0.45.png,17.63,sd15,fp16,123,40,6.5,0.45,00000
00000_sd15_fp16_seed123_s40_g3.5_str0.3.png,17.64,sd15,fp16,123,40,3.5,0.3,00000
00000_sd15_fp8_seed123_s40_g3.5_str0.3.png,17.87,sd15,fp8,123,40,3.5,0.3,00000
00001_sd3_fp4_seed124_s50_g3.5_str0.6.png,18.04,sd3,fp4,124,50,3.5,0.6,00001
00000_sd35_fp8_seed123_s30_g6.5_str0.45.png,18.06,sd35,fp8,123,30,6.5,0.45,00000
00000_sd3_fp8_seed123_s40_g3.5_str0.45.png,18.24,sd3,fp8,123,40,3.5,0.45,00000
00000_sd15_fp16_seed123_s30_g6.5_str0.45.png,18.24,sd15,fp16,123,30,6.5,0.45,00000
00001_sd3_fp4_seed124_s30_g5.0_str0.6.png,18.42,sd3,fp4,124,30,5.0,0.6,00001
00001_sd3_fp4_seed124_s30_g6.5_str0.6.png,18.89,sd3,fp4,124,30,6.5,0.6,00001
00000_sd35_fp4_seed123_s30_g6.5_str0.6.png,19.22,sd35,fp4,123,30,6.5,0.6,00000
00000_sd15_fp16_seed123_s30_g3.5_str0.3.png,19.25,sd15,fp16,123,30,3.5,0.3,00000
00000_sd15_fp8_seed123_s30_g5.0_str0.6.png,19.5,sd15,fp8,123,30,5.0,0.6,00000
00000_sd3_fp8_seed123_s40_g6.5_str0.45.png,19.6,sd3,fp8,123,40,6.5,0.45,00000
00000_sd15_fp16_seed123_s30_g5.0_str0.6.png,19.6,sd15,fp16,123,30,5.0,0.6,00000
00000_sd15_fp8_seed123_s40_g6.5_str0.45.png,19.62,sd15,fp8,123,40,6.5,0.45,00000
00000_sd15_fp8_seed123_s30_g6.5_str0.45.png,19.64,sd15,fp8,123,30,6.5,0.45,00000
00000_sd15_fp16_seed123_s30_g5.0_str0.3.png,19.71,sd15,fp16,123,30,5.0,0.3,00000
00000_sd3_fp8_seed123_s30_g5.0_str0.45.png,19.82,sd3,fp8,123,30,5.0,0.45,00000
00000_sd15_fp8_seed123_s30_g3.5_str0.3.png,20.16,sd15,fp8,123,30,3.5,0.3,00000
00000_sd3_fp8_seed123_s30_g6.5_str0.45.png,20.29,sd3,fp8,123,30,6.5,0.45,00000
00001_sd3_fp4_seed124_s50_g6.5_str0.6.png,20.56,sd3,fp4,124,50,6.5,0.6,00001
00000_sd3_fp8_seed123_s40_g5.0_str0.45.png,20.58,sd3,fp8,123,40,5.0,0.45,00000
00001_sd3_fp8_seed124_s30_g6.5_str0.6.png,20.58,sd3,fp8,124,30,6.5,0.6,00001
00000_sd35_fp8_seed123_s30_g5.0_str0.45.png,20.64,sd35,fp8,123,30,5.0,0.45,00000
00000_sd15_fp16_seed123_s30_g6.5_str0.3.png,20.76,sd15,fp16,123,30,6.5,0.3,00000
00000_sd15_fp8_seed123_s30_g5.0_str0.3.png,21.69,sd15,fp8,123,30,5.0,0.3,00000
00000_sd15_fp16_seed123_s50_g6.5_str0.45.png,21.75,sd15,fp16,123,50,6.5,0.45,00000
00000_sd15_fp8_seed123_s30_g6.5_str0.3.png,21.86,sd15,fp8,123,30,6.5,0.3,00000
00001_sd3_fp4_seed124_s40_g3.5_str0.6.png,22.53,sd3,fp4,124,40,3.5,0.6,00001
00000_sd15_fp8_seed123_s50_g6.5_str0.45.png,22.97,sd15,fp8,123,50,6.5,0.45,00000
00001_sd15_fp8_seed124_s30_g6.5_str0.6.png,23.67,sd15,fp8,124,30,6.5,0.6,00001
00001_sd3_fp4_seed124_s40_g5.0_str0.6.png,24.03,sd3,fp4,124,40,5.0,0.6,00001
00001_sd15_fp4_seed124_s30_g5.0_str0.6.png,24.32,sd15,fp4,124,30,5.0,0.6,00001
00001_sd15_fp16_seed124_s30_g6.5_str0.6.png,24.36,sd15,fp16,124,30,6.5,0.6,00001
00001_sd15_fp4_seed124_s30_g6.5_str0.6.png,24.73,sd15,fp4,124,30,6.5,0.6,00001
00000_sd35_fp4_seed123_s40_g6.5_str0.3.png,24.99,sd35,fp4,123,40,6.5,0.3,00000
00000_sd35_fp8_seed123_s50_g6.5_str0.3.png,25.01,sd35,fp8,123,50,6.5,0.3,00000
00001_sd15_fp16_seed124_s30_g5.0_str0.6.png,25.58,sd15,fp16,124,30,5.0,0.6,00001
00001_sd15_fp8_seed124_s30_g5.0_str0.6.png,25.59,sd15,fp8,124,30,5.0,0.6,00001
00001_sd3_fp8_seed124_s30_g5.0_str0.6.png,25.99,sd3,fp8,124,30,5.0,0.6,00001
00001_sd3_fp8_seed124_s40_g5.0_str0.6.png,26.47,sd3,fp8,124,40,5.0,0.6,00001
00001_sd15_fp4_seed124_s40_g5.0_str0.6.png,26.59,sd15,fp4,124,40,5.0,0.6,00001
00001_sd15_fp8_seed124_s40_g6.5_str0.6.png,26.66,sd15,fp8,124,40,6.5,0.6,00001
00000_sd35_fp4_seed123_s50_g6.5_str0.3.png,27.11,sd35,fp4,123,50,6.5,0.3,00000
00001_sd3_fp16_seed124_s50_g5.0_str0.6.png,27.28,sd3,fp16,124,50,5.0,0.6,00001
00000_sd3_fp8_seed123_s50_g5.0_str0.45.png,27.32,sd3,fp8,123,50,5.0,0.45,00000
00001_sd15_fp4_seed124_s40_g6.5_str0.6.png,27.46,sd15,fp4,124,40,6.5,0.6,00001
00000_sd35_fp4_seed123_s30_g6.5_str0.3.png,27.68,sd35,fp4,123,30,6.5,0.3,00000
00001_sd15_fp4_seed124_s50_g5.0_str0.6.png,27.93,sd15,fp4,124,50,5.0,0.6,00001
00001_sd15_fp4_seed124_s30_g3.5_str0.6.png,28.07,sd15,fp4,124,30,3.5,0.6,00001
00001_sd3_fp4_seed124_s40_g6.5_str0.6.png,28.24,sd3,fp4,124,40,6.5,0.6,00001
00001_sd3_fp16_seed124_s30_g5.0_str0.6.png,28.3,sd3,fp16,124,30,5.0,0.6,00001
00001_sd15_fp16_seed124_s40_g6.5_str0.6.png,28.34,sd15,fp16,124,40,6.5,0.6,00001
00001_sd3_fp8_seed124_s30_g3.5_str0.6.png,28.6,sd3,fp8,124,30,3.5,0.6,00001
00001_sd15_fp4_seed124_s50_g6.5_str0.6.png,28.72,sd15,fp4,124,50,6.5,0.6,00001
00001_sd15_fp4_seed124_s40_g3.5_str0.6.png,28.75,sd15,fp4,124,40,3.5,0.6,00001
00001_sd15_fp8_seed124_s40_g5.0_str0.6.png,28.84,sd15,fp8,124,40,5.0,0.6,00001
00001_sd15_fp16_seed124_s30_g3.5_str0.6.png,29.0,sd15,fp16,124,30,3.5,0.6,00001
00001_sd3_fp16_seed124_s40_g5.0_str0.6.png,29.01,sd3,fp16,124,40,5.0,0.6,00001
00001_sd15_fp8_seed124_s30_g3.5_str0.6.png,29.09,sd15,fp8,124,30,3.5,0.6,00001
00001_sd15_fp4_seed124_s50_g3.5_str0.6.png,29.13,sd15,fp4,124,50,3.5,0.6,00001
00001_sd15_fp16_seed124_s40_g3.5_str0.6.png,29.34,sd15,fp16,124,40,3.5,0.6,00001
00000_sd15_fp16_seed123_s40_g5.0_str0.6.png,29.42,sd15,fp16,123,40,5.0,0.6,00000
00001_sd15_fp16_seed124_s40_g5.0_str0.6.png,30.08,sd15,fp16,124,40,5.0,0.6,00001
00000_sd15_fp4_seed123_s50_g5.0_str0.6.png,30.77,sd15,fp4,123,50,5.0,0.6,00000
00000_sd35_fp4_seed123_s40_g5.0_str0.3.png,30.83,sd35,fp4,123,40,5.0,0.3,00000
00000_sd35_fp8_seed123_s50_g3.5_str0.3.png,30.94,sd35,fp8,123,50,3.5,0.3,00000
00000_sd35_fp8_seed123_s50_g5.0_str0.3.png,30.96,sd35,fp8,123,50,5.0,0.3,00000
00001_sd3_fp16_seed124_s30_g6.5_str0.6.png,31.12,sd3,fp16,124,30,6.5,0.6,00001
00001_sd15_fp8_seed124_s50_g5.0_str0.6.png,31.13,sd15,fp8,124,50,5.0,0.6,00001
00000_sd35_fp8_seed123_s30_g6.5_str0.3.png,31.61,sd35,fp8,123,30,6.5,0.3,00000
00001_sd15_fp16_seed124_s50_g6.5_str0.6.png,31.68,sd15,fp16,124,50,6.5,0.6,00001
00001_sd15_fp16_seed124_s50_g3.5_str0.6.png,31.77,sd15,fp16,124,50,3.5,0.6,00001
00001_sd15_fp8_seed124_s40_g3.5_str0.6.png,31.86,sd15,fp8,124,40,3.5,0.6,00001
00000_sd35_fp4_seed123_s50_g5.0_str0.3.png,31.9,sd35,fp4,123,50,5.0,0.3,00000
00001_sd3_fp16_seed124_s40_g6.5_str0.6.png,32.08,sd3,fp16,124,40,6.5,0.6,00001
00001_sd15_fp16_seed124_s50_g5.0_str0.6.png,32.52,sd15,fp16,124,50,5.0,0.6,00001
00000_sd3_fp8_seed123_s50_g6.5_str0.45.png,32.89,sd3,fp8,123,50,6.5,0.45,00000
00001_sd15_fp8_seed124_s50_g6.5_str0.6.png,33.05,sd15,fp8,124,50,6.5,0.6,00001
00001_sd15_fp8_seed124_s50_g3.5_str0.6.png,33.25,sd15,fp8,124,50,3.5,0.6,00001
00000_sd15_fp8_seed123_s40_g5.0_str0.6.png,33.63,sd15,fp8,123,40,5.0,0.6,00000
00001_sd3_fp16_seed124_s50_g3.5_str0.6.png,33.9,sd3,fp16,124,50,3.5,0.6,00001
00001_sd3_fp4_seed124_s40_g6.5_str0.45.png,33.97,sd3,fp4,124,40,6.5,0.45,00001
00000_sd35_fp8_seed123_s30_g5.0_str0.3.png,34.13,sd35,fp8,123,30,5.0,0.3,00000
00000_sd35_fp4_seed123_s40_g3.5_str0.3.png,34.35,sd35,fp4,123,40,3.5,0.3,00000
00001_sd3_fp8_seed124_s40_g3.5_str0.6.png,34.46,sd3,fp8,124,40,3.5,0.6,00001
00000_sd35_fp4_seed123_s30_g5.0_str0.3.png,34.75,sd35,fp4,123,30,5.0,0.3,00000
00000_sd15_fp8_seed123_s30_g6.5_str0.6.png,34.99,sd15,fp8,123,30,6.5,0.6,00000
00000_sd15_fp8_seed123_s50_g5.0_str0.6.png,35.02,sd15,fp8,123,50,5.0,0.6,00000
00001_sd3_fp4_seed124_s30_g5.0_str0.45.png,35.26,sd3,fp4,124,30,5.0,0.45,00001
00001_sd3_fp4_seed124_s50_g5.0_str0.45.png,35.57,sd3,fp4,124,50,5.0,0.45,00001
00000_sd3_fp8_seed123_s40_g6.5_str0.3.png,35.84,sd3,fp8,123,40,6.5,0.3,00000
00000_sd35_fp4_seed123_s50_g3.5_str0.3.png,36.14,sd35,fp4,123,50,3.5,0.3,00000
00000_sd15_fp16_seed123_s50_g5.0_str0.6.png,36.7,sd15,fp16,123,50,5.0,0.6,00000
00001_sd3_fp16_seed124_s30_g3.5_str0.6.png,36.76,sd3,fp16,124,30,3.5,0.6,00001
00000_sd35_fp4_seed123_s30_g3.5_str0.3.png,36.85,sd35,fp4,123,30,3.5,0.3,00000
00000_sd15_fp16_seed123_s30_g6.5_str0.6.png,36.97,sd15,fp16,123,30,6.5,0.6,00000
00001_sd15_fp8_seed124_s30_g6.5_str0.3.png,37.16,sd15,fp8,124,30,6.5,0.3,00001
00000_sd35_fp16_seed123_s50_g6.5_str0.3.png,37.49,sd35,fp16,123,50,6.5,0.3,00000
00001_sd15_fp16_seed124_s30_g6.5_str0.3.png,38.39,sd15,fp16,124,30,6.5,0.3,00001
00000_sd35_fp8_seed123_s30_g3.5_str0.3.png,38.4,sd35,fp8,123,30,3.5,0.3,00000
00001_sd15_fp8_seed124_s30_g5.0_str0.3.png,38.5,sd15,fp8,124,30,5.0,0.3,00001
00001_sd3_fp8_seed124_s50_g6.5_str0.6.png,38.87,sd3,fp8,124,50,6.5,0.6,00001
00001_sd15_fp16_seed124_s30_g5.0_str0.3.png,39.17,sd15,fp16,124,30,5.0,0.3,00001
00001_sd15_fp4_seed124_s30_g6.5_str0.3.png,39.25,sd15,fp4,124,30,6.5,0.3,00001
00001_sd3_fp4_seed124_s30_g6.5_str0.45.png,39.39,sd3,fp4,124,30,6.5,0.45,00001
00001_sd3_fp8_seed124_s40_g6.5_str0.6.png,39.64,sd3,fp8,124,40,6.5,0.6,00001
00000_sd35_fp16_seed123_s50_g5.0_str0.3.png,39.9,sd35,fp16,123,50,5.0,0.3,00000
00001_sd15_fp4_seed124_s30_g5.0_str0.3.png,40.17,sd15,fp4,124,30,5.0,0.3,00001
00001_sd15_fp8_seed124_s30_g3.5_str0.3.png,40.42,sd15,fp8,124,30,3.5,0.3,00001
00001_sd15_fp16_seed124_s30_g3.5_str0.3.png,40.6,sd15,fp16,124,30,3.5,0.3,00001
00000_sd35_fp8_seed123_s40_g6.5_str0.3.png,40.8,sd35,fp8,123,40,6.5,0.3,00000
00001_sd15_fp16_seed124_s30_g6.5_str0.45.png,40.87,sd15,fp16,124,30,6.5,0.45,00001
00000_sd3_fp8_seed123_s30_g6.5_str0.3.png,40.95,sd3,fp8,123,30,6.5,0.3,00000
00001_sd3_fp4_seed124_s50_g3.5_str0.45.png,41.1,sd3,fp4,124,50,3.5,0.45,00001
00000_sd35_fp16_seed123_s50_g3.5_str0.3.png,41.1,sd35,fp16,123,50,3.5,0.3,00000
00001_sd15_fp4_seed124_s30_g3.5_str0.3.png,41.15,sd15,fp4,124,30,3.5,0.3,00001
00001_sd15_fp8_seed124_s40_g6.5_str0.3.png,41.22,sd15,fp8,124,40,6.5,0.3,00001
00001_sd15_fp16_seed124_s30_g5.0_str0.45.png,41.32,sd15,fp16,124,30,5.0,0.45,00001
00001_sd15_fp8_seed124_s30_g5.0_str0.45.png,41.34,sd15,fp8,124,30,5.0,0.45,00001
00001_sd15_fp8_seed124_s30_g3.5_str0.45.png,41.75,sd15,fp8,124,30,3.5,0.45,00001
00001_sd15_fp8_seed124_s30_g6.5_str0.45.png,41.89,sd15,fp8,124,30,6.5,0.45,00001
00001_sd3_fp16_seed124_s50_g6.5_str0.6.png,42.01,sd3,fp16,124,50,6.5,0.6,00001
00001_sd15_fp16_seed124_s30_g3.5_str0.45.png,42.23,sd15,fp16,124,30,3.5,0.45,00001
00000_sd35_fp8_seed123_s40_g5.0_str0.3.png,42.56,sd35,fp8,123,40,5.0,0.3,00000
00001_sd3_fp16_seed124_s40_g3.5_str0.6.png,42.71,sd3,fp16,124,40,3.5,0.6,00001
00000_sd35_fp8_seed123_s40_g3.5_str0.3.png,42.72,sd35,fp8,123,40,3.5,0.3,00000
00001_sd15_fp16_seed124_s40_g6.5_str0.3.png,42.75,sd15,fp16,124,40,6.5,0.3,00001
00001_sd3_fp4_seed124_s50_g6.5_str0.45.png,43.06,sd3,fp4,124,50,6.5,0.45,00001
00000_sd35_fp16_seed123_s40_g6.5_str0.3.png,43.2,sd35,fp16,123,40,6.5,0.3,00000
00001_sd15_fp4_seed124_s30_g5.0_str0.45.png,43.47,sd15,fp4,124,30,5.0,0.45,00001
00001_sd3_fp8_seed124_s50_g5.0_str0.6.png,43.52,sd3,fp8,124,50,5.0,0.6,00001
00001_sd15_fp4_seed124_s30_g6.5_str0.45.png,43.7,sd15,fp4,124,30,6.5,0.45,00001
00001_sd15_fp4_seed124_s30_g3.5_str0.45.png,43.72,sd15,fp4,124,30,3.5,0.45,00001
00001_sd15_fp8_seed124_s40_g5.0_str0.3.png,44.07,sd15,fp8,124,40,5.0,0.3,00001
00001_sd15_fp16_seed124_s40_g5.0_str0.3.png,44.08,sd15,fp16,124,40,5.0,0.3,00001
00000_sd35_fp16_seed123_s30_g6.5_str0.3.png,44.27,sd35,fp16,123,30,6.5,0.3,00000
00000_sd35_fp16_seed123_s40_g3.5_str0.3.png,44.48,sd35,fp16,123,40,3.5,0.3,00000
00001_sd15_fp16_seed124_s40_g3.5_str0.3.png,45.12,sd15,fp16,124,40,3.5,0.3,00001
00001_sd15_fp4_seed124_s40_g6.5_str0.3.png,45.39,sd15,fp4,124,40,6.5,0.3,00001
00001_sd15_fp8_seed124_s40_g3.5_str0.45.png,45.41,sd15,fp8,124,40,3.5,0.45,00001
00001_sd3_fp4_seed124_s40_g5.0_str0.45.png,45.6,sd3,fp4,124,40,5.0,0.45,00001
00001_sd15_fp16_seed124_s40_g3.5_str0.45.png,45.76,sd15,fp16,124,40,3.5,0.45,00001
00001_sd15_fp8_seed124_s40_g5.0_str0.45.png,45.93,sd15,fp8,124,40,5.0,0.45,00001
00001_sd15_fp4_seed124_s40_g5.0_str0.3.png,46.04,sd15,fp4,124,40,5.0,0.3,00001
00001_sd15_fp8_seed124_s40_g3.5_str0.3.png,46.08,sd15,fp8,124,40,3.5,0.3,00001
00001_sd15_fp16_seed124_s50_g6.5_str0.3.png,46.11,sd15,fp16,124,50,6.5,0.3,00001
00001_sd35_fp4_seed124_s50_g6.5_str0.6.png,46.21,sd35,fp4,124,50,6.5,0.6,00001
00001_sd15_fp8_seed124_s50_g6.5_str0.3.png,46.8,sd15,fp8,124,50,6.5,0.3,00001
00001_sd15_fp8_seed124_s50_g5.0_str0.3.png,46.81,sd15,fp8,124,50,5.0,0.3,00001
00001_sd15_fp16_seed124_s40_g5.0_str0.45.png,46.84,sd15,fp16,124,40,5.0,0.45,00001
00001_sd15_fp4_seed124_s40_g3.5_str0.3.png,47.07,sd15,fp4,124,40,3.5,0.3,00001
00001_sd15_fp16_seed124_s50_g5.0_str0.3.png,47.1,sd15,fp16,124,50,5.0,0.3,00001
00001_sd15_fp16_seed124_s40_g6.5_str0.45.png,47.15,sd15,fp16,124,40,6.5,0.45,00001
00001_sd15_fp8_seed124_s40_g6.5_str0.45.png,47.23,sd15,fp8,124,40,6.5,0.45,00001
00001_sd3_fp4_seed124_s30_g3.5_str0.45.png,47.4,sd3,fp4,124,30,3.5,0.45,00001
00000_sd15_fp16_seed123_s40_g6.5_str0.6.png,47.51,sd15,fp16,123,40,6.5,0.6,00000
00001_sd3_fp8_seed124_s50_g3.5_str0.6.png,47.67,sd3,fp8,124,50,3.5,0.6,00001
00001_sd3_fp4_seed124_s40_g3.5_str0.45.png,47.8,sd3,fp4,124,40,3.5,0.45,00001
00001_sd15_fp8_seed124_s50_g3.5_str0.3.png,47.84,sd15,fp8,124,50,3.5,0.3,00001
00000_sd35_fp16_seed123_s30_g3.5_str0.3.png,47.98,sd35,fp16,123,30,3.5,0.3,00000
00001_sd15_fp16_seed124_s50_g3.5_str0.3.png,48.33,sd15,fp16,124,50,3.5,0.3,00001
00000_sd15_fp8_seed123_s50_g6.5_str0.6.png,48.36,sd15,fp8,123,50,6.5,0.6,00000
00000_sd15_fp16_seed123_s50_g6.5_str0.6.png,48.41,sd15,fp16,123,50,6.5,0.6,00000
00001_sd35_fp4_seed124_s40_g6.5_str0.6.png,48.67,sd35,fp4,124,40,6.5,0.6,00001
00001_sd15_fp8_seed124_s50_g3.5_str0.45.png,48.73,sd15,fp8,124,50,3.5,0.45,00001
00001_sd35_fp4_seed124_s30_g6.5_str0.6.png,49.19,sd35,fp4,124,30,6.5,0.6,00001
00001_sd15_fp8_seed124_s50_g6.5_str0.45.png,49.31,sd15,fp8,124,50,6.5,0.45,00001
00000_sd15_fp8_seed123_s40_g6.5_str0.6.png,49.58,sd15,fp8,123,40,6.5,0.6,00000
00001_sd15_fp16_seed124_s50_g3.5_str0.45.png,49.58,sd15,fp16,124,50,3.5,0.45,00001
00001_sd15_fp16_seed124_s50_g5.0_str0.45.png,49.7,sd15,fp16,124,50,5.0,0.45,00001
00001_sd15_fp4_seed124_s50_g6.5_str0.3.png,49.74,sd15,fp4,124,50,6.5,0.3,00001
00001_sd35_fp8_seed124_s50_g6.5_str0.6.png,49.87,sd35,fp8,124,50,6.5,0.6,00001
00001_sd15_fp4_seed124_s40_g3.5_str0.45.png,49.94,sd15,fp4,124,40,3.5,0.45,00001
00001_sd15_fp4_seed124_s40_g5.0_str0.45.png,50.01,sd15,fp4,124,40,5.0,0.45,00001
00001_sd15_fp4_seed124_s50_g5.0_str0.3.png,50.35,sd15,fp4,124,50,5.0,0.3,00001
00001_sd15_fp8_seed124_s50_g5.0_str0.45.png,50.54,sd15,fp8,124,50,5.0,0.45,00001
00000_sd35_fp16_seed123_s30_g5.0_str0.3.png,50.7,sd35,fp16,123,30,5.0,0.3,00000
00001_sd15_fp4_seed124_s50_g3.5_str0.3.png,50.71,sd15,fp4,124,50,3.5,0.3,00001
00001_sd15_fp4_seed124_s40_g6.5_str0.45.png,50.79,sd15,fp4,124,40,6.5,0.45,00001
00001_sd15_fp16_seed124_s50_g6.5_str0.45.png,50.81,sd15,fp16,124,50,6.5,0.45,00001
00001_sd35_fp4_seed124_s30_g3.5_str0.6.png,51.44,sd35,fp4,124,30,3.5,0.6,00001
00000_sd35_fp16_seed123_s40_g5.0_str0.3.png,51.46,sd35,fp16,123,40,5.0,0.3,00000
00000_sd3_fp16_seed123_s30_g3.5_str0.3.png,51.57,sd3,fp16,123,30,3.5,0.3,00000
00001_sd35_fp4_seed124_s50_g5.0_str0.6.png,51.65,sd35,fp4,124,50,5.0,0.6,00001
00000_sd3_fp8_seed123_s40_g5.0_str0.3.png,51.96,sd3,fp8,123,40,5.0,0.3,00000
00001_sd35_fp4_seed124_s40_g5.0_str0.6.png,52.26,sd35,fp4,124,40,5.0,0.6,00001
00001_sd3_fp4_seed124_s50_g6.5_str0.3.png,52.59,sd3,fp4,124,50,6.5,0.3,00001
00001_sd35_fp8_seed124_s30_g6.5_str0.6.png,52.64,sd35,fp8,124,30,6.5,0.6,00001
00001_sd15_fp4_seed124_s50_g3.5_str0.45.png,53.03,sd15,fp4,124,50,3.5,0.45,00001
00001_sd35_fp4_seed124_s30_g5.0_str0.6.png,53.11,sd35,fp4,124,30,5.0,0.6,00001
00000_sd3_fp8_seed123_s40_g3.5_str0.3.png,53.46,sd3,fp8,123,40,3.5,0.3,00000
00001_sd15_fp4_seed124_s50_g5.0_str0.45.png,53.82,sd15,fp4,124,50,5.0,0.45,00001
00000_sd15_fp4_seed123_s40_g6.5_str0.6.png,53.91,sd15,fp4,123,40,6.5,0.6,00000
00000_sd3_fp16_seed123_s50_g3.5_str0.3.png,54.42,sd3,fp16,123,50,3.5,0.3,00000
00000_sd3_fp8_seed123_s30_g3.5_str0.3.png,54.63,sd3,fp8,123,30,3.5,0.3,00000
00001_sd15_fp4_seed124_s50_g6.5_str0.45.png,54.73,sd15,fp4,124,50,6.5,0.45,00001
00001_sd35_fp4_seed124_s40_g3.5_str0.6.png,54.88,sd35,fp4,124,40,3.5,0.6,00001
00000_sd3_fp8_seed123_s30_g5.0_str0.3.png,55.53,sd3,fp8,123,30,5.0,0.3,00000
00000_sd15_fp4_seed123_s50_g6.5_str0.6.png,55.7,sd15,fp4,123,50,6.5,0.6,00000
00000_sd3_fp16_seed123_s40_g3.5_str0.3.png,56.0,sd3,fp16,123,40,3.5,0.3,00000
00001_sd35_fp4_seed124_s50_g3.5_str0.6.png,56.39,sd35,fp4,124,50,3.5,0.6,00001
00001_sd35_fp8_seed124_s40_g6.5_str0.6.png,57.08,sd35,fp8,124,40,6.5,0.6,00001
00000_sd3_fp8_seed123_s50_g3.5_str0.3.png,57.94,sd3,fp8,123,50,3.5,0.3,00000
00000_sd3_fp16_seed123_s50_g6.5_str0.3.png,57.98,sd3,fp16,123,50,6.5,0.3,00000
00001_sd35_fp8_seed124_s40_g5.0_str0.6.png,58.04,sd35,fp8,124,40,5.0,0.6,00001
00000_sd3_fp8_seed123_s50_g6.5_str0.3.png,58.8,sd3,fp8,123,50,6.5,0.3,00000
00000_sd3_fp16_seed123_s50_g5.0_str0.3.png,59.02,sd3,fp16,123,50,5.0,0.3,00000
00001_sd3_fp8_seed124_s30_g6.5_str0.45.png,59.03,sd3,fp8,124,30,6.5,0.45,00001
00001_sd3_fp4_seed124_s50_g3.5_str0.3.png,59.23,sd3,fp4,124,50,3.5,0.3,00001
00001_sd3_fp8_seed124_s30_g5.0_str0.45.png,59.58,sd3,fp8,124,30,5.0,0.45,00001
00001_sd35_fp8_seed124_s30_g5.0_str0.6.png,59.64,sd35,fp8,124,30,5.0,0.6,00001
00001_sd3_fp4_seed124_s40_g6.5_str0.3.png,59.91,sd3,fp4,124,40,6.5,0.3,00001
00001_sd35_fp8_seed124_s50_g5.0_str0.6.png,60.11,sd35,fp8,124,50,5.0,0.6,00001
00001_sd35_fp4_seed124_s40_g6.5_str0.45.png,60.44,sd35,fp4,124,40,6.5,0.45,00001
00000_sd3_fp16_seed123_s40_g5.0_str0.3.png,60.62,sd3,fp16,123,40,5.0,0.3,00000
00001_sd3_fp4_seed124_s40_g3.5_str0.3.png,60.84,sd3,fp4,124,40,3.5,0.3,00001
00001_sd3_fp4_seed124_s40_g5.0_str0.3.png,61.3,sd3,fp4,124,40,5.0,0.3,00001
00001_sd3_fp4_seed124_s30_g6.5_str0.3.png,61.3,sd3,fp4,124,30,6.5,0.3,00001
00000_sd3_fp16_seed123_s40_g6.5_str0.3.png,61.48,sd3,fp16,123,40,6.5,0.3,00000
00001_sd35_fp4_seed124_s50_g6.5_str0.45.png,61.53,sd35,fp4,124,50,6.5,0.45,00001
00001_sd3_fp8_seed124_s30_g3.5_str0.45.png,61.69,sd3,fp8,124,30,3.5,0.45,00001
00001_sd3_fp4_seed124_s50_g5.0_str0.3.png,61.93,sd3,fp4,124,50,5.0,0.3,00001
00001_sd35_fp8_seed124_s50_g3.5_str0.6.png,62.36,sd35,fp8,124,50,3.5,0.6,00001
00000_sd3_fp16_seed123_s30_g5.0_str0.3.png,62.54,sd3,fp16,123,30,5.0,0.3,00000
00001_sd35_fp8_seed124_s30_g3.5_str0.3.png,63.24,sd35,fp8,124,30,3.5,0.3,00001
00001_sd35_fp8_seed124_s30_g5.0_str0.3.png,63.46,sd35,fp8,124,30,5.0,0.3,00001
00001_sd3_fp8_seed124_s40_g3.5_str0.45.png,63.58,sd3,fp8,124,40,3.5,0.45,00001
00001_sd3_fp8_seed124_s30_g6.5_str0.3.png,63.61,sd3,fp8,124,30,6.5,0.3,00001
00001_sd35_fp8_seed124_s30_g6.5_str0.3.png,63.66,sd35,fp8,124,30,6.5,0.3,00001
00001_sd35_fp4_seed124_s40_g5.0_str0.45.png,63.72,sd35,fp4,124,40,5.0,0.45,00001
00001_sd3_fp16_seed124_s40_g3.5_str0.3.png,63.78,sd3,fp16,124,40,3.5,0.3,00001
00001_sd35_fp4_seed124_s50_g3.5_str0.45.png,63.88,sd35,fp4,124,50,3.5,0.45,00001
00001_sd3_fp4_seed124_s30_g3.5_str0.3.png,63.96,sd3,fp4,124,30,3.5,0.3,00001
00001_sd35_fp4_seed124_s30_g3.5_str0.45.png,64.03,sd35,fp4,124,30,3.5,0.45,00001
00001_sd35_fp8_seed124_s50_g6.5_str0.3.png,64.3,sd35,fp8,124,50,6.5,0.3,00001
00001_sd3_fp16_seed124_s40_g6.5_str0.3.png,64.33,sd3,fp16,124,40,6.5,0.3,00001
00001_sd35_fp4_seed124_s30_g6.5_str0.3.png,64.35,sd35,fp4,124,30,6.5,0.3,00001
00001_sd35_fp4_seed124_s30_g5.0_str0.45.png,64.4,sd35,fp4,124,30,5.0,0.45,00001
00001_sd35_fp4_seed124_s30_g6.5_str0.45.png,64.44,sd35,fp4,124,30,6.5,0.45,00001
00001_sd3_fp8_seed124_s40_g5.0_str0.3.png,64.72,sd3,fp8,124,40,5.0,0.3,00001
00001_sd35_fp4_seed124_s30_g3.5_str0.3.png,64.73,sd35,fp4,124,30,3.5,0.3,00001
00001_sd3_fp8_seed124_s40_g6.5_str0.3.png,64.84,sd3,fp8,124,40,6.5,0.3,00001
00001_sd35_fp4_seed124_s30_g5.0_str0.3.png,64.89,sd35,fp4,124,30,5.0,0.3,00001
00001_sd3_fp8_seed124_s50_g5.0_str0.3.png,64.9,sd3,fp8,124,50,5.0,0.3,00001
00001_sd35_fp8_seed124_s40_g6.5_str0.3.png,64.94,sd35,fp8,124,40,6.5,0.3,00001
00001_sd35_fp16_seed124_s50_g3.5_str0.3.png,65.01,sd35,fp16,124,50,3.5,0.3,00001
00001_sd35_fp4_seed124_s40_g6.5_str0.3.png,65.13,sd35,fp4,124,40,6.5,0.3,00001
00001_sd35_fp8_seed124_s40_g3.5_str0.3.png,65.2,sd35,fp8,124,40,3.5,0.3,00001
00001_sd3_fp8_seed124_s40_g6.5_str0.45.png,65.21,sd3,fp8,124,40,6.5,0.45,00001
00001_sd35_fp16_seed124_s30_g3.5_str0.3.png,65.21,sd35,fp16,124,30,3.5,0.3,00001
00001_sd35_fp4_seed124_s50_g3.5_str0.3.png,65.23,sd35,fp4,124,50,3.5,0.3,00001
00001_sd3_fp8_seed124_s50_g3.5_str0.3.png,65.26,sd3,fp8,124,50,3.5,0.3,00001
00001_sd3_fp16_seed124_s50_g3.5_str0.3.png,65.26,sd3,fp16,124,50,3.5,0.3,00001
00001_sd35_fp4_seed124_s40_g3.5_str0.3.png,65.29,sd35,fp4,124,40,3.5,0.3,00001
00001_sd35_fp8_seed124_s50_g5.0_str0.3.png,65.38,sd35,fp8,124,50,5.0,0.3,00001
00001_sd35_fp8_seed124_s30_g3.5_str0.6.png,65.41,sd35,fp8,124,30,3.5,0.6,00001
00001_sd35_fp4_seed124_s50_g5.0_str0.45.png,65.43,sd35,fp4,124,50,5.0,0.45,00001
00001_sd3_fp16_seed124_s50_g5.0_str0.3.png,65.43,sd3,fp16,124,50,5.0,0.3,00001
00001_sd35_fp16_seed124_s40_g3.5_str0.3.png,65.52,sd35,fp16,124,40,3.5,0.3,00001
00001_sd3_fp16_seed124_s40_g5.0_str0.3.png,65.55,sd3,fp16,124,40,5.0,0.3,00001
00001_sd35_fp4_seed124_s40_g3.5_str0.45.png,65.68,sd35,fp4,124,40,3.5,0.45,00001
00001_sd35_fp8_seed124_s40_g5.0_str0.3.png,65.69,sd35,fp8,124,40,5.0,0.3,00001
00001_sd35_fp4_seed124_s40_g5.0_str0.3.png,65.72,sd35,fp4,124,40,5.0,0.3,00001
00001_sd3_fp8_seed124_s30_g3.5_str0.3.png,65.74,sd3,fp8,124,30,3.5,0.3,00001
00001_sd3_fp16_seed124_s50_g6.5_str0.3.png,65.92,sd3,fp16,124,50,6.5,0.3,00001
00001_sd35_fp4_seed124_s50_g5.0_str0.3.png,65.96,sd35,fp4,124,50,5.0,0.3,00001
00001_sd3_fp8_seed124_s40_g3.5_str0.3.png,65.98,sd3,fp8,124,40,3.5,0.3,00001
00001_sd35_fp8_seed124_s40_g3.5_str0.6.png,65.98,sd35,fp8,124,40,3.5,0.6,00001
00001_sd35_fp16_seed124_s30_g5.0_str0.6.png,66.09,sd35,fp16,124,30,5.0,0.6,00001
00001_sd35_fp16_seed124_s50_g5.0_str0.3.png,66.17,sd35,fp16,124,50,5.0,0.3,00001
00001_sd35_fp4_seed124_s50_g6.5_str0.3.png,66.21,sd35,fp4,124,50,6.5,0.3,00001
00001_sd35_fp16_seed124_s30_g6.5_str0.3.png,66.34,sd35,fp16,124,30,6.5,0.3,00001
00001_sd35_fp8_seed124_s50_g3.5_str0.3.png,66.7,sd35,fp8,124,50,3.5,0.3,00001
00001_sd3_fp16_seed124_s30_g3.5_str0.3.png,66.94,sd3,fp16,124,30,3.5,0.3,00001
00001_sd3_fp8_seed124_s50_g3.5_str0.45.png,66.95,sd3,fp8,124,50,3.5,0.45,00001
00001_sd35_fp16_seed124_s30_g3.5_str0.6.png,66.96,sd35,fp16,124,30,3.5,0.6,00001
00001_sd3_fp8_seed124_s30_g5.0_str0.3.png,66.98,sd3,fp8,124,30,5.0,0.3,00001
00001_sd35_fp16_seed124_s40_g5.0_str0.3.png,66.99,sd35,fp16,124,40,5.0,0.3,00001
00001_sd35_fp16_seed124_s30_g5.0_str0.3.png,67.27,sd35,fp16,124,30,5.0,0.3,00001
00001_sd3_fp4_seed124_s30_g5.0_str0.3.png,67.31,sd3,fp4,124,30,5.0,0.3,00001
00001_sd3_fp8_seed124_s50_g5.0_str0.45.png,67.52,sd3,fp8,124,50,5.0,0.45,00001
00001_sd35_fp16_seed124_s50_g6.5_str0.3.png,67.93,sd35,fp16,124,50,6.5,0.3,00001
00001_sd3_fp8_seed124_s50_g6.5_str0.3.png,67.94,sd3,fp8,124,50,6.5,0.3,00001
00001_sd3_fp16_seed124_s50_g3.5_str0.45.png,68.26,sd3,fp16,124,50,3.5,0.45,00001
00001_sd3_fp16_seed124_s30_g5.0_str0.3.png,68.29,sd3,fp16,124,30,5.0,0.3,00001
00001_sd3_fp16_seed124_s30_g3.5_str0.45.png,68.44,sd3,fp16,124,30,3.5,0.45,00001
00001_sd35_fp16_seed124_s40_g6.5_str0.3.png,68.58,sd35,fp16,124,40,6.5,0.3,00001
00001_sd35_fp16_seed124_s30_g6.5_str0.6.png,68.66,sd35,fp16,124,30,6.5,0.6,00001
00001_sd35_fp16_seed124_s50_g3.5_str0.6.png,68.87,sd35,fp16,124,50,3.5,0.6,00001
00001_sd3_fp8_seed124_s40_g5.0_str0.45.png,69.42,sd3,fp8,124,40,5.0,0.45,00001
00001_sd35_fp16_seed124_s40_g6.5_str0.6.png,69.66,sd35,fp16,124,40,6.5,0.6,00001
00001_sd3_fp8_seed124_s50_g6.5_str0.45.png,70.09,sd3,fp8,124,50,6.5,0.45,00001
00001_sd35_fp16_seed124_s40_g3.5_str0.6.png,70.15,sd35,fp16,124,40,3.5,0.6,00001
00001_sd3_fp16_seed124_s30_g6.5_str0.3.png,70.19,sd3,fp16,124,30,6.5,0.3,00001
00001_sd3_fp16_seed124_s30_g5.0_str0.45.png,70.42,sd3,fp16,124,30,5.0,0.45,00001
00001_sd35_fp16_seed124_s50_g5.0_str0.6.png,70.56,sd35,fp16,124,50,5.0,0.6,00001
00001_sd35_fp16_seed124_s50_g6.5_str0.6.png,70.61,sd35,fp16,124,50,6.5,0.6,00001
00000_sd3_fp8_seed123_s50_g5.0_str0.3.png,70.74,sd3,fp8,123,50,5.0,0.3,00000
00001_sd3_fp16_seed124_s40_g3.5_str0.45.png,71.28,sd3,fp16,124,40,3.5,0.45,00001
00000_sd3_fp16_seed123_s30_g6.5_str0.3.png,71.55,sd3,fp16,123,30,6.5,0.3,00000
00001_sd3_fp16_seed124_s50_g5.0_str0.45.png,71.66,sd3,fp16,124,50,5.0,0.45,00001
00001_sd35_fp16_seed124_s40_g3.5_str0.45.png,71.74,sd35,fp16,124,40,3.5,0.45,00001
00001_sd3_fp16_seed124_s50_g6.5_str0.45.png,71.76,sd3,fp16,124,50,6.5,0.45,00001
00001_sd35_fp16_seed124_s40_g5.0_str0.6.png,71.77,sd35,fp16,124,40,5.0,0.6,00001
00001_sd35_fp8_seed124_s40_g5.0_str0.45.png,72.92,sd35,fp8,124,40,5.0,0.45,00001
00001_sd35_fp8_seed124_s40_g3.5_str0.45.png,73.16,sd35,fp8,124,40,3.5,0.45,00001
00001_sd35_fp8_seed124_s30_g3.5_str0.45.png,73.32,sd35,fp8,124,30,3.5,0.45,00001
00001_sd35_fp8_seed124_s50_g3.5_str0.45.png,74.8,sd35,fp8,124,50,3.5,0.45,00001
00001_sd35_fp8_seed124_s50_g6.5_str0.45.png,75.34,sd35,fp8,124,50,6.5,0.45,00001
00001_sd3_fp16_seed124_s40_g5.0_str0.45.png,75.59,sd3,fp16,124,40,5.0,0.45,00001
00001_sd35_fp16_seed124_s40_g6.5_str0.45.png,75.93,sd35,fp16,124,40,6.5,0.45,00001
00001_sd35_fp8_seed124_s30_g6.5_str0.45.png,76.07,sd35,fp8,124,30,6.5,0.45,00001
00001_sd35_fp16_seed124_s40_g5.0_str0.45.png,76.36,sd35,fp16,124,40,5.0,0.45,00001
00001_sd35_fp8_seed124_s30_g5.0_str0.45.png,76.72,sd35,fp8,124,30,5.0,0.45,00001
00001_sd35_fp8_seed124_s50_g5.0_str0.45.png,76.89,sd35,fp8,124,50,5.0,0.45,00001
00001_sd35_fp16_seed124_s50_g3.5_str0.45.png,77.48,sd35,fp16,124,50,3.5,0.45,00001
00001_sd35_fp16_seed124_s30_g3.5_str0.45.png,77.82,sd35,fp16,124,30,3.5,0.45,00001
00001_sd3_fp16_seed124_s40_g6.5_str0.45.png,78.5,sd3,fp16,124,40,6.5,0.45,00001
00001_sd35_fp8_seed124_s40_g6.5_str0.45.png,78.61,sd35,fp8,124,40,6.5,0.45,00001
00001_sd3_fp16_seed124_s30_g6.5_str0.45.png,80.77,sd3,fp16,124,30,6.5,0.45,00001
00001_sd35_fp16_seed124_s50_g5.0_str0.45.png,81.08,sd35,fp16,124,50,5.0,0.45,00001
00001_sd35_fp16_seed124_s30_g5.0_str0.45.png,81.48,sd35,fp16,124,30,5.0,0.45,00001
00001_sd35_fp16_seed124_s50_g6.5_str0.45.png,81.79,sd35,fp16,124,50,6.5,0.45,00001
00001_sd35_fp16_seed124_s30_g6.5_str0.45.png,83.5,sd35,fp16,124,30,6.5,0.45,00001
Nome_File,Voto_Estetico_su_100,Modello,Precisione,Seed,Steps,Guidance_CFG,Strength,ID_Immagine
