batch_label,detector,detector_mode,image_path,prediction,confidence,elapsed_time
00099,CLIP-D,default,/media/CrispyMcMarkInc/Real_cropped_1024/00099.jpg,real,0.004950826987624168,0.35440659523010254
00026,CLIP-D,default,/media/CrispyMcMarkInc/Real_cropped_1024/00026.jpg,real,0.01482769288122654,0.0771028995513916
00029,CLIP-D,default,/media/CrispyMcMarkInc/Real_cropped_1024/00029.jpg,real,0.005094324238598347,0.2555091381072998
00040,CLIP-D,default,/media/CrispyMcMarkInc/Real_cropped_1024/00040.jpg,real,0.03128581494092941,0.07655167579650879
00095,CLIP-D,default,/media/CrispyMcMarkInc/Real_cropped_1024/00095.jpg,real,0.006795246619731188,0.10410618782043457
00094,CLIP-D,default,/media/CrispyMcMarkInc/Real_cropped_1024/00094.jpg,real,0.013998636044561863,0.3638162612915039
00077,CLIP-D,default,/media/CrispyMcMarkInc/Real_cropped_1024/00077.jpg,real,0.1162189170718193,0.13309359550476074
00076,CLIP-D,default,/media/CrispyMcMarkInc/Real_cropped_1024/00076.jpg,real,0.011577635072171688,0.3676493167877197
00037,CLIP-D,default,/media/CrispyMcMarkInc/Real_cropped_1024/00037.jpg,real,0.014091422781348228,0.28002095222473145
00074,CLIP-D,default,/media/CrispyMcMarkInc/Real_cropped_1024/00074.jpg,real,0.0061706905253231525,0.0798346996307373
00001,CLIP-D,default,/media/CrispyMcMarkInc/Real_cropped_1024/00001.jpg,real,0.0052044871263206005,0.15926694869995117
00005,CLIP-D,default,/media/CrispyMcMarkInc/Real_cropped_1024/00005.jpg,real,0.005438465159386396,0.08537149429321289
00098,CLIP-D,default,/media/CrispyMcMarkInc/Real_cropped_1024/00098.jpg,real,0.009959971532225609,0.0808570384979248
00046,CLIP-D,default,/media/CrispyMcMarkInc/Real_cropped_1024/00046.jpg,real,0.004481648560613394,0.4092271327972412
00079,CLIP-D,default,/media/CrispyMcMarkInc/Real_cropped_1024/00079.jpg,real,0.007287770044058561,0.12731623649597168
00090,CLIP-D,default,/media/CrispyMcMarkInc/Real_cropped_1024/00090.jpg,real,0.012734531424939632,0.10143518447875977
00085,CLIP-D,default,/media/CrispyMcMarkInc/Real_cropped_1024/00085.jpg,real,0.014050542376935482,0.25452327728271484
00071,CLIP-D,default,/media/CrispyMcMarkInc/Real_cropped_1024/00071.jpg,real,0.0032034716568887234,0.11075711250305176
00070,CLIP-D,default,/media/CrispyMcMarkInc/Real_cropped_1024/00070.jpg,real,0.015257996506989002,0.1738109588623047
00047,CLIP-D,default,/media/CrispyMcMarkInc/Real_cropped_1024/00047.jpg,real,0.16846752166748047,0.15846872329711914
00042,CLIP-D,default,/media/CrispyMcMarkInc/Real_cropped_1024/00042.jpg,real,0.10599807649850845,0.19054913520812988
00003,CLIP-D,default,/media/CrispyMcMarkInc/Real_cropped_1024/00003.jpg,real,0.06314943730831146,0.07843899726867676
00068,CLIP-D,default,/media/CrispyMcMarkInc/Real_cropped_1024/00068.jpg,real,0.0026430650614202023,0.23662161827087402
00062,CLIP-D,default,/media/CrispyMcMarkInc/Real_cropped_1024/00062.jpg,real,0.0035269863437861204,0.11921906471252441
00024,CLIP-D,default,/media/CrispyMcMarkInc/Real_cropped_1024/00024.jpg,real,0.1950608789920807,0.08913612365722656
00010,CLIP-D,default,/media/CrispyMcMarkInc/Real_cropped_1024/00010.jpg,real,0.0330393984913826,0.07996821403503418
00011,CLIP-D,default,/media/CrispyMcMarkInc/Real_cropped_1024/00011.jpg,real,0.015079877339303493,0.21623754501342773
00089,CLIP-D,default,/media/CrispyMcMarkInc/Real_cropped_1024/00089.jpg,real,0.008079814724624157,0.11404705047607422
00055,CLIP-D,default,/media/CrispyMcMarkInc/Real_cropped_1024/00055.jpg,real,0.0793885886669159,0.09519457817077637
00016,CLIP-D,default,/media/CrispyMcMarkInc/Real_cropped_1024/00016.jpg,real,0.026896299794316292,0.09007620811462402
00093,CLIP-D,default,/media/CrispyMcMarkInc/Real_cropped_1024/00093.jpg,fake,0.9001761078834534,0.09698271751403809
00086,CLIP-D,default,/media/CrispyMcMarkInc/Real_cropped_1024/00086.jpg,real,0.06064167991280556,0.15157532691955566
00023,CLIP-D,default,/media/CrispyMcMarkInc/Real_cropped_1024/00023.jpg,real,0.38707512617111206,0.2032477855682373
00020,CLIP-D,default,/media/CrispyMcMarkInc/Real_cropped_1024/00020.jpg,real,0.0086661446839571,0.11484384536743164
00032,CLIP-D,default,/media/CrispyMcMarkInc/Real_cropped_1024/00032.jpg,real,0.008311559446156025,0.09894895553588867
00048,CLIP-D,default,/media/CrispyMcMarkInc/Real_cropped_1024/00048.jpg,real,0.0009797809179872274,0.14023828506469727
00044,CLIP-D,default,/media/CrispyMcMarkInc/Real_cropped_1024/00044.jpg,real,0.004096484277397394,0.07928633689880371
00004,CLIP-D,default,/media/CrispyMcMarkInc/Real_cropped_1024/00004.jpg,real,0.0024619598407298326,0.14944720268249512
00053,CLIP-D,default,/media/CrispyMcMarkInc/Real_cropped_1024/00053.jpg,real,0.0030433509964495897,0.2410435676574707
00014,CLIP-D,default,/media/CrispyMcMarkInc/Real_cropped_1024/00014.jpg,real,0.10382872819900513,0.0800774097442627
00080,CLIP-D,default,/media/CrispyMcMarkInc/Real_cropped_1024/00080.jpg,real,0.012859516777098179,0.11363720893859863
00015,CLIP-D,default,/media/CrispyMcMarkInc/Real_cropped_1024/00015.jpg,real,0.00783337652683258,0.08524465560913086
00035,CLIP-D,default,/media/CrispyMcMarkInc/Real_cropped_1024/00035.jpg,real,0.003795019816607237,0.16144728660583496
00075,CLIP-D,default,/media/CrispyMcMarkInc/Real_cropped_1024/00075.jpg,real,0.027955953031778336,0.11638307571411133
00064,CLIP-D,default,/media/CrispyMcMarkInc/Real_cropped_1024/00064.jpg,real,0.006396222859621048,0.2378098964691162
00069,CLIP-D,default,/media/CrispyMcMarkInc/Real_cropped_1024/00069.jpg,real,0.04935673624277115,0.22060346603393555
00096,CLIP-D,default,/media/CrispyMcMarkInc/Real_cropped_1024/00096.jpg,real,0.08418667316436768,0.07773923873901367
00078,CLIP-D,default,/media/CrispyMcMarkInc/Real_cropped_1024/00078.jpg,real,0.14747847616672516,0.07777023315429688
00060,CLIP-D,default,/media/CrispyMcMarkInc/Real_cropped_1024/00060.jpg,real,0.006686060689389706,0.11864137649536133
00028,CLIP-D,default,/media/CrispyMcMarkInc/Real_cropped_1024/00028.jpg,real,0.0031184086110442877,0.20331716537475586
00018,CLIP-D,default,/media/CrispyMcMarkInc/Real_cropped_1024/00018.jpg,real,0.01591804064810276,0.24773454666137695
00031,CLIP-D,default,/media/CrispyMcMarkInc/Real_cropped_1024/00031.jpg,real,0.01776394248008728,0.08452177047729492
00052,CLIP-D,default,/media/CrispyMcMarkInc/Real_cropped_1024/00052.jpg,real,0.0004280660068616271,0.11012887954711914
00019,CLIP-D,default,/media/CrispyMcMarkInc/Real_cropped_1024/00019.jpg,real,0.04783114045858383,0.07841825485229492
00065,CLIP-D,default,/media/CrispyMcMarkInc/Real_cropped_1024/00065.jpg,real,0.008576037362217903,0.4184861183166504
00082,CLIP-D,default,/media/CrispyMcMarkInc/Real_cropped_1024/00082.jpg,real,0.08388657867908478,0.09391927719116211
00025,CLIP-D,default,/media/CrispyMcMarkInc/Real_cropped_1024/00025.jpg,real,0.01766577549278736,0.0927896499633789
00083,CLIP-D,default,/media/CrispyMcMarkInc/Real_cropped_1024/00083.jpg,real,0.04647870361804962,0.08640623092651367
00059,CLIP-D,default,/media/CrispyMcMarkInc/Real_cropped_1024/00059.jpg,real,0.00018090143566951156,0.09017682075500488
00092,CLIP-D,default,/media/CrispyMcMarkInc/Real_cropped_1024/00092.jpg,real,0.001807934371754527,0.30976366996765137
00088,CLIP-D,default,/media/CrispyMcMarkInc/Real_cropped_1024/00088.jpg,real,0.0003523833001963794,0.08092355728149414
00056,CLIP-D,default,/media/CrispyMcMarkInc/Real_cropped_1024/00056.jpg,real,0.0025972258299589157,0.08042740821838379
00009,CLIP-D,default,/media/CrispyMcMarkInc/Real_cropped_1024/00009.jpg,real,0.006611576769500971,0.1078493595123291
00091,CLIP-D,default,/media/CrispyMcMarkInc/Real_cropped_1024/00091.jpg,real,0.00538749760016799,0.08082890510559082
00007,CLIP-D,default,/media/CrispyMcMarkInc/Real_cropped_1024/00007.jpg,real,0.06905576586723328,0.08205580711364746
00067,CLIP-D,default,/media/CrispyMcMarkInc/Real_cropped_1024/00067.jpg,real,0.008325079455971718,0.11959290504455566
00066,CLIP-D,default,/media/CrispyMcMarkInc/Real_cropped_1024/00066.jpg,real,0.003810285357758403,0.1693117618560791
00000,CLIP-D,default,/media/CrispyMcMarkInc/Real_cropped_1024/00000.jpg,real,0.34196215867996216,0.22775793075561523
00054,CLIP-D,default,/media/CrispyMcMarkInc/Real_cropped_1024/00054.jpg,real,0.021769961342215538,0.12388205528259277
00002,CLIP-D,default,/media/CrispyMcMarkInc/Real_cropped_1024/00002.jpg,real,0.01939605362713337,0.2034139633178711
00072,CLIP-D,default,/media/CrispyMcMarkInc/Real_cropped_1024/00072.jpg,real,0.011358790099620819,0.14448237419128418
00036,CLIP-D,default,/media/CrispyMcMarkInc/Real_cropped_1024/00036.jpg,real,0.025356395170092583,0.08382391929626465
00084,CLIP-D,default,/media/CrispyMcMarkInc/Real_cropped_1024/00084.jpg,real,0.008026746101677418,0.26057982444763184
00008,CLIP-D,default,/media/CrispyMcMarkInc/Real_cropped_1024/00008.jpg,real,0.00464991619810462,0.13016605377197266
00049,CLIP-D,default,/media/CrispyMcMarkInc/Real_cropped_1024/00049.jpg,real,0.0004321803280618042,0.15153050422668457
00038,CLIP-D,default,/media/CrispyMcMarkInc/Real_cropped_1024/00038.jpg,real,0.0031176109332591295,0.15943598747253418
00039,CLIP-D,default,/media/CrispyMcMarkInc/Real_cropped_1024/00039.jpg,real,0.0010639856336638331,0.24145030975341797
00006,CLIP-D,default,/media/CrispyMcMarkInc/Real_cropped_1024/00006.jpg,real,0.0050481343641877174,0.09059929847717285
00041,CLIP-D,default,/media/CrispyMcMarkInc/Real_cropped_1024/00041.jpg,real,0.03813416138291359,0.15734171867370605
00087,CLIP-D,default,/media/CrispyMcMarkInc/Real_cropped_1024/00087.jpg,real,0.11228848993778229,0.2342228889465332
00021,CLIP-D,default,/media/CrispyMcMarkInc/Real_cropped_1024/00021.jpg,real,0.014282068237662315,0.3130772113800049
00045,CLIP-D,default,/media/CrispyMcMarkInc/Real_cropped_1024/00045.jpg,real,0.005687794182449579,0.14762520790100098
00081,CLIP-D,default,/media/CrispyMcMarkInc/Real_cropped_1024/00081.jpg,real,0.0016473046271130443,0.16920733451843262
00013,CLIP-D,default,/media/CrispyMcMarkInc/Real_cropped_1024/00013.jpg,real,0.07220620661973953,0.09614944458007812
00034,CLIP-D,default,/media/CrispyMcMarkInc/Real_cropped_1024/00034.jpg,real,0.0028564794920384884,0.2731821537017822
00017,CLIP-D,default,/media/CrispyMcMarkInc/Real_cropped_1024/00017.jpg,real,0.0006852836231701076,0.08646798133850098
00022,CLIP-D,default,/media/CrispyMcMarkInc/Real_cropped_1024/00022.jpg,real,0.0032468417193740606,0.10082364082336426
00012,CLIP-D,default,/media/CrispyMcMarkInc/Real_cropped_1024/00012.jpg,real,0.0024913751985877752,0.12404799461364746
00057,CLIP-D,default,/media/CrispyMcMarkInc/Real_cropped_1024/00057.jpg,real,0.006841499824076891,0.09822869300842285
00097,CLIP-D,default,/media/CrispyMcMarkInc/Real_cropped_1024/00097.jpg,real,0.02898242138326168,0.1165623664855957
00051,CLIP-D,default,/media/CrispyMcMarkInc/Real_cropped_1024/00051.jpg,real,0.07335417717695236,0.16511774063110352
00027,CLIP-D,default,/media/CrispyMcMarkInc/Real_cropped_1024/00027.jpg,real,0.0010905234375968575,0.41562509536743164
00043,CLIP-D,default,/media/CrispyMcMarkInc/Real_cropped_1024/00043.jpg,fake,0.760986328125,0.0790560245513916
00073,CLIP-D,default,/media/CrispyMcMarkInc/Real_cropped_1024/00073.jpg,real,0.01410292275249958,0.09937620162963867
00033,CLIP-D,default,/media/CrispyMcMarkInc/Real_cropped_1024/00033.jpg,real,0.003577636322006583,0.0832376480102539
00030,CLIP-D,default,/media/CrispyMcMarkInc/Real_cropped_1024/00030.jpg,real,0.01918204315006733,0.08320164680480957
00061,CLIP-D,default,/media/CrispyMcMarkInc/Real_cropped_1024/00061.jpg,real,0.00679822126403451,0.10694026947021484
00063,CLIP-D,default,/media/CrispyMcMarkInc/Real_cropped_1024/00063.jpg,real,0.011941637843847275,0.24698996543884277
00050,CLIP-D,default,/media/CrispyMcMarkInc/Real_cropped_1024/00050.jpg,real,0.017428623512387276,0.2737581729888916
00058,CLIP-D,default,/media/CrispyMcMarkInc/Real_cropped_1024/00058.jpg,real,0.015897123143076897,0.11929726600646973
00099,CLIP-D,grid_majority,/media/CrispyMcMarkInc/Real_cropped_1024/00099.jpg,fake,0.9134880304336548,3.823268175125122
00026,CLIP-D,grid_majority,/media/CrispyMcMarkInc/Real_cropped_1024/00026.jpg,real,0.0,0.19071722030639648
00029,CLIP-D,grid_majority,/media/CrispyMcMarkInc/Real_cropped_1024/00029.jpg,fake,1.0,3.3886795043945312
00040,CLIP-D,grid_majority,/media/CrispyMcMarkInc/Real_cropped_1024/00040.jpg,fake,1.0,0.19298696517944336
00095,CLIP-D,grid_majority,/media/CrispyMcMarkInc/Real_cropped_1024/00095.jpg,real,0.0,0.6820523738861084
00094,CLIP-D,grid_majority,/media/CrispyMcMarkInc/Real_cropped_1024/00094.jpg,fake,1.0,0.5459542274475098
00077,CLIP-D,grid_majority,/media/CrispyMcMarkInc/Real_cropped_1024/00077.jpg,fake,1.0,3.4186837673187256
00076,CLIP-D,grid_majority,/media/CrispyMcMarkInc/Real_cropped_1024/00076.jpg,fake,1.0,0.2159276008605957
00037,CLIP-D,grid_majority,/media/CrispyMcMarkInc/Real_cropped_1024/00037.jpg,fake,0.684092789888382,0.24471306800842285
00074,CLIP-D,grid_majority,/media/CrispyMcMarkInc/Real_cropped_1024/00074.jpg,fake,1.0,0.4396343231201172
00001,CLIP-D,grid_majority,/media/CrispyMcMarkInc/Real_cropped_1024/00001.jpg,fake,1.0,0.20515871047973633
00005,CLIP-D,grid_majority,/media/CrispyMcMarkInc/Real_cropped_1024/00005.jpg,real,0.0,0.2084200382232666
00098,CLIP-D,grid_majority,/media/CrispyMcMarkInc/Real_cropped_1024/00098.jpg,real,0.0,3.6778345108032227
00046,CLIP-D,grid_majority,/media/CrispyMcMarkInc/Real_cropped_1024/00046.jpg,real,0.0,0.20844483375549316
00079,CLIP-D,grid_majority,/media/CrispyMcMarkInc/Real_cropped_1024/00079.jpg,real,0.0,0.18880200386047363
00090,CLIP-D,grid_majority,/media/CrispyMcMarkInc/Real_cropped_1024/00090.jpg,real,0.0,0.19234180450439453
00085,CLIP-D,grid_majority,/media/CrispyMcMarkInc/Real_cropped_1024/00085.jpg,fake,1.0,0.4409823417663574
00071,CLIP-D,grid_majority,/media/CrispyMcMarkInc/Real_cropped_1024/00071.jpg,real,0.0,0.4737589359283447
00070,CLIP-D,grid_majority,/media/CrispyMcMarkInc/Real_cropped_1024/00070.jpg,fake,1.0,0.22439312934875488
00047,CLIP-D,grid_majority,/media/CrispyMcMarkInc/Real_cropped_1024/00047.jpg,fake,1.0,0.24729156494140625
00042,CLIP-D,grid_majority,/media/CrispyMcMarkInc/Real_cropped_1024/00042.jpg,fake,1.0,0.19044756889343262
00003,CLIP-D,grid_majority,/media/CrispyMcMarkInc/Real_cropped_1024/00003.jpg,fake,1.0,0.20793533325195312
00068,CLIP-D,grid_majority,/media/CrispyMcMarkInc/Real_cropped_1024/00068.jpg,real,0.0,0.18869948387145996
00062,CLIP-D,grid_majority,/media/CrispyMcMarkInc/Real_cropped_1024/00062.jpg,real,0.0,0.19279003143310547
00024,CLIP-D,grid_majority,/media/CrispyMcMarkInc/Real_cropped_1024/00024.jpg,real,0.0,0.31722044944763184
00010,CLIP-D,grid_majority,/media/CrispyMcMarkInc/Real_cropped_1024/00010.jpg,fake,1.0,0.20085406303405762
00011,CLIP-D,grid_majority,/media/CrispyMcMarkInc/Real_cropped_1024/00011.jpg,real,0.0,0.225846529006958
00089,CLIP-D,grid_majority,/media/CrispyMcMarkInc/Real_cropped_1024/00089.jpg,real,0.0,0.20978689193725586
00055,CLIP-D,grid_majority,/media/CrispyMcMarkInc/Real_cropped_1024/00055.jpg,real,0.0,0.2787177562713623
00016,CLIP-D,grid_majority,/media/CrispyMcMarkInc/Real_cropped_1024/00016.jpg,fake,1.0,0.2576005458831787
00093,CLIP-D,grid_majority,/media/CrispyMcMarkInc/Real_cropped_1024/00093.jpg,fake,1.0,0.23960089683532715
00086,CLIP-D,grid_majority,/media/CrispyMcMarkInc/Real_cropped_1024/00086.jpg,fake,1.0,0.3782219886779785
00023,CLIP-D,grid_majority,/media/CrispyMcMarkInc/Real_cropped_1024/00023.jpg,fake,1.0,0.27211761474609375
00020,CLIP-D,grid_majority,/media/CrispyMcMarkInc/Real_cropped_1024/00020.jpg,real,0.0,0.21268224716186523
00032,CLIP-D,grid_majority,/media/CrispyMcMarkInc/Real_cropped_1024/00032.jpg,real,0.0,1.5782525539398193
00048,CLIP-D,grid_majority,/media/CrispyMcMarkInc/Real_cropped_1024/00048.jpg,real,0.0,0.19865679740905762
00044,CLIP-D,grid_majority,/media/CrispyMcMarkInc/Real_cropped_1024/00044.jpg,fake,1.0,1.193460464477539
00004,CLIP-D,grid_majority,/media/CrispyMcMarkInc/Real_cropped_1024/00004.jpg,fake,0.8244612812995911,0.18994426727294922
00053,CLIP-D,grid_majority,/media/CrispyMcMarkInc/Real_cropped_1024/00053.jpg,fake,0.5120953321456909,2.8105738162994385
00014,CLIP-D,grid_majority,/media/CrispyMcMarkInc/Real_cropped_1024/00014.jpg,real,0.0,0.21802759170532227
00080,CLIP-D,grid_majority,/media/CrispyMcMarkInc/Real_cropped_1024/00080.jpg,fake,0.994297206401825,0.18928909301757812
00015,CLIP-D,grid_majority,/media/CrispyMcMarkInc/Real_cropped_1024/00015.jpg,fake,0.937450110912323,0.1912403106689453
00035,CLIP-D,grid_majority,/media/CrispyMcMarkInc/Real_cropped_1024/00035.jpg,fake,1.0,0.24920058250427246
00075,CLIP-D,grid_majority,/media/CrispyMcMarkInc/Real_cropped_1024/00075.jpg,real,0.0,0.21772336959838867
00064,CLIP-D,grid_majority,/media/CrispyMcMarkInc/Real_cropped_1024/00064.jpg,fake,0.885189950466156,0.20050311088562012
00069,CLIP-D,grid_majority,/media/CrispyMcMarkInc/Real_cropped_1024/00069.jpg,fake,0.9361498951911926,0.35313844680786133
00096,CLIP-D,grid_majority,/media/CrispyMcMarkInc/Real_cropped_1024/00096.jpg,fake,0.9813434481620789,0.8411521911621094
00078,CLIP-D,grid_majority,/media/CrispyMcMarkInc/Real_cropped_1024/00078.jpg,fake,1.0,1.5812876224517822
00060,CLIP-D,grid_majority,/media/CrispyMcMarkInc/Real_cropped_1024/00060.jpg,real,0.0,0.1991567611694336
00028,CLIP-D,grid_majority,/media/CrispyMcMarkInc/Real_cropped_1024/00028.jpg,real,0.0,0.18949627876281738
00018,CLIP-D,grid_majority,/media/CrispyMcMarkInc/Real_cropped_1024/00018.jpg,real,0.0,0.22444677352905273
00031,CLIP-D,grid_majority,/media/CrispyMcMarkInc/Real_cropped_1024/00031.jpg,fake,1.0,0.19488048553466797
00052,CLIP-D,grid_majority,/media/CrispyMcMarkInc/Real_cropped_1024/00052.jpg,real,0.0,4.281850814819336
00019,CLIP-D,grid_majority,/media/CrispyMcMarkInc/Real_cropped_1024/00019.jpg,fake,1.0,0.3890848159790039
00065,CLIP-D,grid_majority,/media/CrispyMcMarkInc/Real_cropped_1024/00065.jpg,real,0.0,0.19412660598754883
00082,CLIP-D,grid_majority,/media/CrispyMcMarkInc/Real_cropped_1024/00082.jpg,fake,1.0,0.19581055641174316
00025,CLIP-D,grid_majority,/media/CrispyMcMarkInc/Real_cropped_1024/00025.jpg,real,0.0,0.21361827850341797
00083,CLIP-D,grid_majority,/media/CrispyMcMarkInc/Real_cropped_1024/00083.jpg,fake,0.8852614164352417,0.33933043479919434
00059,CLIP-D,grid_majority,/media/CrispyMcMarkInc/Real_cropped_1024/00059.jpg,real,0.0,0.24811029434204102
00092,CLIP-D,grid_majority,/media/CrispyMcMarkInc/Real_cropped_1024/00092.jpg,real,0.0,0.1955878734588623
00088,CLIP-D,grid_majority,/media/CrispyMcMarkInc/Real_cropped_1024/00088.jpg,fake,1.0,0.37938880920410156
00056,CLIP-D,grid_majority,/media/CrispyMcMarkInc/Real_cropped_1024/00056.jpg,fake,1.0,0.3451237678527832
00009,CLIP-D,grid_majority,/media/CrispyMcMarkInc/Real_cropped_1024/00009.jpg,real,0.0,0.22964859008789062
00091,CLIP-D,grid_majority,/media/CrispyMcMarkInc/Real_cropped_1024/00091.jpg,fake,1.0,0.21005797386169434
00007,CLIP-D,grid_majority,/media/CrispyMcMarkInc/Real_cropped_1024/00007.jpg,fake,1.0,0.24235892295837402
00067,CLIP-D,grid_majority,/media/CrispyMcMarkInc/Real_cropped_1024/00067.jpg,fake,1.0,0.19931364059448242
00066,CLIP-D,grid_majority,/media/CrispyMcMarkInc/Real_cropped_1024/00066.jpg,real,0.0,0.3600621223449707
00000,CLIP-D,grid_majority,/media/CrispyMcMarkInc/Real_cropped_1024/00000.jpg,fake,1.0,0.36816906929016113
00054,CLIP-D,grid_majority,/media/CrispyMcMarkInc/Real_cropped_1024/00054.jpg,fake,1.0,0.2877311706542969
00002,CLIP-D,grid_majority,/media/CrispyMcMarkInc/Real_cropped_1024/00002.jpg,real,0.0,0.21290135383605957
00072,CLIP-D,grid_majority,/media/CrispyMcMarkInc/Real_cropped_1024/00072.jpg,real,0.0,0.2571873664855957
00036,CLIP-D,grid_majority,/media/CrispyMcMarkInc/Real_cropped_1024/00036.jpg,fake,1.0,0.40810704231262207
00084,CLIP-D,grid_majority,/media/CrispyMcMarkInc/Real_cropped_1024/00084.jpg,fake,1.0,2.4803125858306885
00008,CLIP-D,grid_majority,/media/CrispyMcMarkInc/Real_cropped_1024/00008.jpg,real,0.0,0.1973552703857422
00049,CLIP-D,grid_majority,/media/CrispyMcMarkInc/Real_cropped_1024/00049.jpg,fake,1.0,0.2142317295074463
00038,CLIP-D,grid_majority,/media/CrispyMcMarkInc/Real_cropped_1024/00038.jpg,fake,1.0,0.23179340362548828
00039,CLIP-D,grid_majority,/media/CrispyMcMarkInc/Real_cropped_1024/00039.jpg,real,0.0,0.20014476776123047
00006,CLIP-D,grid_majority,/media/CrispyMcMarkInc/Real_cropped_1024/00006.jpg,fake,1.0,0.19537091255187988
00041,CLIP-D,grid_majority,/media/CrispyMcMarkInc/Real_cropped_1024/00041.jpg,fake,1.0,0.35325193405151367
00087,CLIP-D,grid_majority,/media/CrispyMcMarkInc/Real_cropped_1024/00087.jpg,fake,1.0,0.8623604774475098
00021,CLIP-D,grid_majority,/media/CrispyMcMarkInc/Real_cropped_1024/00021.jpg,real,0.0,0.22055959701538086
00045,CLIP-D,grid_majority,/media/CrispyMcMarkInc/Real_cropped_1024/00045.jpg,real,0.0,3.0050737857818604
00081,CLIP-D,grid_majority,/media/CrispyMcMarkInc/Real_cropped_1024/00081.jpg,real,0.0,0.29077816009521484
00013,CLIP-D,grid_majority,/media/CrispyMcMarkInc/Real_cropped_1024/00013.jpg,real,0.0,0.19668984413146973
00034,CLIP-D,grid_majority,/media/CrispyMcMarkInc/Real_cropped_1024/00034.jpg,fake,1.0,0.1955270767211914
00017,CLIP-D,grid_majority,/media/CrispyMcMarkInc/Real_cropped_1024/00017.jpg,real,0.0,0.22793960571289062
00022,CLIP-D,grid_majority,/media/CrispyMcMarkInc/Real_cropped_1024/00022.jpg,real,0.0,0.23067808151245117
00012,CLIP-D,grid_majority,/media/CrispyMcMarkInc/Real_cropped_1024/00012.jpg,fake,1.0,2.2468502521514893
00057,CLIP-D,grid_majority,/media/CrispyMcMarkInc/Real_cropped_1024/00057.jpg,real,0.0,1.9512546062469482
00097,CLIP-D,grid_majority,/media/CrispyMcMarkInc/Real_cropped_1024/00097.jpg,real,0.0,0.25829577445983887
00051,CLIP-D,grid_majority,/media/CrispyMcMarkInc/Real_cropped_1024/00051.jpg,real,0.0,0.2045755386352539
00027,CLIP-D,grid_majority,/media/CrispyMcMarkInc/Real_cropped_1024/00027.jpg,fake,1.0,0.3546762466430664
00043,CLIP-D,grid_majority,/media/CrispyMcMarkInc/Real_cropped_1024/00043.jpg,fake,1.0,0.30344104766845703
00073,CLIP-D,grid_majority,/media/CrispyMcMarkInc/Real_cropped_1024/00073.jpg,real,0.0,2.734952211380005
00033,CLIP-D,grid_majority,/media/CrispyMcMarkInc/Real_cropped_1024/00033.jpg,real,0.0,0.22874999046325684
00030,CLIP-D,grid_majority,/media/CrispyMcMarkInc/Real_cropped_1024/00030.jpg,real,0.0,2.645324468612671
00061,CLIP-D,grid_majority,/media/CrispyMcMarkInc/Real_cropped_1024/00061.jpg,real,0.0,0.2277820110321045
00063,CLIP-D,grid_majority,/media/CrispyMcMarkInc/Real_cropped_1024/00063.jpg,fake,1.0,3.3917555809020996
00050,CLIP-D,grid_majority,/media/CrispyMcMarkInc/Real_cropped_1024/00050.jpg,fake,1.0,1.233473539352417
00058,CLIP-D,grid_majority,/media/CrispyMcMarkInc/Real_cropped_1024/00058.jpg,fake,1.0,2.639359712600708
00099,CLIP-D,grid_max,/media/CrispyMcMarkInc/Real_cropped_1024/00099.jpg,real,0.361823733150959,4.544896364212036
00026,CLIP-D,grid_max,/media/CrispyMcMarkInc/Real_cropped_1024/00026.jpg,fake,0.7074837684631348,0.2133948802947998
00029,CLIP-D,grid_max,/media/CrispyMcMarkInc/Real_cropped_1024/00029.jpg,fake,0.5417233937978745,0.19172930717468262
00040,CLIP-D,grid_max,/media/CrispyMcMarkInc/Real_cropped_1024/00040.jpg,fake,0.7903161239624024,3.1992573738098145
00095,CLIP-D,grid_max,/media/CrispyMcMarkInc/Real_cropped_1024/00095.jpg,fake,0.9872746467590332,0.1894228458404541
00094,CLIP-D,grid_max,/media/CrispyMcMarkInc/Real_cropped_1024/00094.jpg,fake,0.8625408375263214,0.29674553871154785
00077,CLIP-D,grid_max,/media/CrispyMcMarkInc/Real_cropped_1024/00077.jpg,fake,0.7337460458278656,3.665526866912842
00076,CLIP-D,grid_max,/media/CrispyMcMarkInc/Real_cropped_1024/00076.jpg,fake,0.8781848549842834,2.485168695449829
00037,CLIP-D,grid_max,/media/CrispyMcMarkInc/Real_cropped_1024/00037.jpg,fake,0.9404006600379944,0.2221975326538086
00074,CLIP-D,grid_max,/media/CrispyMcMarkInc/Real_cropped_1024/00074.jpg,fake,0.9542997479438782,0.24217438697814941
00001,CLIP-D,grid_max,/media/CrispyMcMarkInc/Real_cropped_1024/00001.jpg,fake,0.9574053883552551,0.22564077377319336
00005,CLIP-D,grid_max,/media/CrispyMcMarkInc/Real_cropped_1024/00005.jpg,real,0.4673536044359207,0.2951080799102783
00098,CLIP-D,grid_max,/media/CrispyMcMarkInc/Real_cropped_1024/00098.jpg,fake,0.9626623392105103,3.0727181434631348
00046,CLIP-D,grid_max,/media/CrispyMcMarkInc/Real_cropped_1024/00046.jpg,real,0.3384800240397453,0.24113011360168457
00079,CLIP-D,grid_max,/media/CrispyMcMarkInc/Real_cropped_1024/00079.jpg,real,0.2754195635765791,0.2179121971130371
00090,CLIP-D,grid_max,/media/CrispyMcMarkInc/Real_cropped_1024/00090.jpg,real,0.21865540608763695,0.21111321449279785
00085,CLIP-D,grid_max,/media/CrispyMcMarkInc/Real_cropped_1024/00085.jpg,fake,0.720950824022293,0.28101468086242676
00071,CLIP-D,grid_max,/media/CrispyMcMarkInc/Real_cropped_1024/00071.jpg,real,0.27516495510935784,0.21386265754699707
00070,CLIP-D,grid_max,/media/CrispyMcMarkInc/Real_cropped_1024/00070.jpg,fake,0.6166649633646011,0.22583961486816406
00047,CLIP-D,grid_max,/media/CrispyMcMarkInc/Real_cropped_1024/00047.jpg,fake,0.7711230838298797,0.20873451232910156
00042,CLIP-D,grid_max,/media/CrispyMcMarkInc/Real_cropped_1024/00042.jpg,fake,0.8858298063278198,0.22212648391723633
00003,CLIP-D,grid_max,/media/CrispyMcMarkInc/Real_cropped_1024/00003.jpg,fake,0.714330792427063,0.30196118354797363
00068,CLIP-D,grid_max,/media/CrispyMcMarkInc/Real_cropped_1024/00068.jpg,real,0.4438786154985428,0.194352388381958
00062,CLIP-D,grid_max,/media/CrispyMcMarkInc/Real_cropped_1024/00062.jpg,real,0.4185215429216623,0.4126460552215576
00024,CLIP-D,grid_max,/media/CrispyMcMarkInc/Real_cropped_1024/00024.jpg,fake,0.8577929139137268,0.341261625289917
00010,CLIP-D,grid_max,/media/CrispyMcMarkInc/Real_cropped_1024/00010.jpg,fake,0.9429221749305725,0.22443127632141113
00011,CLIP-D,grid_max,/media/CrispyMcMarkInc/Real_cropped_1024/00011.jpg,fake,0.756763756275177,0.1862649917602539
00089,CLIP-D,grid_max,/media/CrispyMcMarkInc/Real_cropped_1024/00089.jpg,fake,0.9135885834693909,0.1901402473449707
00055,CLIP-D,grid_max,/media/CrispyMcMarkInc/Real_cropped_1024/00055.jpg,fake,0.8776487708091736,0.2671833038330078
00016,CLIP-D,grid_max,/media/CrispyMcMarkInc/Real_cropped_1024/00016.jpg,fake,0.779695987701416,0.19273090362548828
00093,CLIP-D,grid_max,/media/CrispyMcMarkInc/Real_cropped_1024/00093.jpg,fake,0.980195164680481,0.18958687782287598
00086,CLIP-D,grid_max,/media/CrispyMcMarkInc/Real_cropped_1024/00086.jpg,fake,0.9765563011169434,1.5917308330535889
00023,CLIP-D,grid_max,/media/CrispyMcMarkInc/Real_cropped_1024/00023.jpg,fake,0.9643710851669312,0.23574090003967285
00020,CLIP-D,grid_max,/media/CrispyMcMarkInc/Real_cropped_1024/00020.jpg,fake,0.5857794880867004,0.20416998863220215
00032,CLIP-D,grid_max,/media/CrispyMcMarkInc/Real_cropped_1024/00032.jpg,fake,0.9705498814582825,3.0539112091064453
00048,CLIP-D,grid_max,/media/CrispyMcMarkInc/Real_cropped_1024/00048.jpg,fake,0.9713861346244812,0.21880793571472168
00044,CLIP-D,grid_max,/media/CrispyMcMarkInc/Real_cropped_1024/00044.jpg,fake,0.8532348871231079,0.2041170597076416
00004,CLIP-D,grid_max,/media/CrispyMcMarkInc/Real_cropped_1024/00004.jpg,fake,0.8244612812995911,0.18994426727294922
00053,CLIP-D,grid_max,/media/CrispyMcMarkInc/Real_cropped_1024/00053.jpg,fake,0.5120953321456909,2.8105738162994385
00014,CLIP-D,grid_max,/media/CrispyMcMarkInc/Real_cropped_1024/00014.jpg,fake,0.8079069256782532,0.23221516609191895
00080,CLIP-D,grid_max,/media/CrispyMcMarkInc/Real_cropped_1024/00080.jpg,fake,0.994297206401825,0.18928909301757812
00015,CLIP-D,grid_max,/media/CrispyMcMarkInc/Real_cropped_1024/00015.jpg,fake,0.937450110912323,0.1912403106689453
00035,CLIP-D,grid_max,/media/CrispyMcMarkInc/Real_cropped_1024/00035.jpg,fake,0.9842065572738647,0.24721908569335938
00075,CLIP-D,grid_max,/media/CrispyMcMarkInc/Real_cropped_1024/00075.jpg,fake,0.9106194376945496,0.21897625923156738
00064,CLIP-D,grid_max,/media/CrispyMcMarkInc/Real_cropped_1024/00064.jpg,fake,0.885189950466156,0.20050311088562012
00069,CLIP-D,grid_max,/media/CrispyMcMarkInc/Real_cropped_1024/00069.jpg,fake,0.9361498951911926,0.35313844680786133
00096,CLIP-D,grid_max,/media/CrispyMcMarkInc/Real_cropped_1024/00096.jpg,fake,0.9813434481620789,0.8411521911621094
00078,CLIP-D,grid_max,/media/CrispyMcMarkInc/Real_cropped_1024/00078.jpg,fake,0.9958290457725525,1.9136872291564941
00060,CLIP-D,grid_max,/media/CrispyMcMarkInc/Real_cropped_1024/00060.jpg,fake,0.901582658290863,0.2587149143218994
00028,CLIP-D,grid_max,/media/CrispyMcMarkInc/Real_cropped_1024/00028.jpg,fake,0.9479299783706665,0.20961403846740723
00018,CLIP-D,grid_max,/media/CrispyMcMarkInc/Real_cropped_1024/00018.jpg,fake,0.9643417000770569,0.24662375450134277
00031,CLIP-D,grid_max,/media/CrispyMcMarkInc/Real_cropped_1024/00031.jpg,fake,0.9280509352684021,0.20282554626464844
00052,CLIP-D,grid_max,/media/CrispyMcMarkInc/Real_cropped_1024/00052.jpg,fake,0.9776040315628052,0.9176712036132812
00019,CLIP-D,grid_max,/media/CrispyMcMarkInc/Real_cropped_1024/00019.jpg,fake,0.9436150789260864,0.3356192111968994
00065,CLIP-D,grid_max,/media/CrispyMcMarkInc/Real_cropped_1024/00065.jpg,fake,0.6509343385696411,0.22779226303100586
00082,CLIP-D,grid_max,/media/CrispyMcMarkInc/Real_cropped_1024/00082.jpg,fake,0.9699043035507202,2.609585762023926
00025,CLIP-D,grid_max,/media/CrispyMcMarkInc/Real_cropped_1024/00025.jpg,fake,0.9500017762184143,0.1895277500152588
00083,CLIP-D,grid_max,/media/CrispyMcMarkInc/Real_cropped_1024/00083.jpg,real,0.4113527535647154,0.27718663215637207
00059,CLIP-D,grid_max,/media/CrispyMcMarkInc/Real_cropped_1024/00059.jpg,real,0.2232277761399746,3.109632968902588
00092,CLIP-D,grid_max,/media/CrispyMcMarkInc/Real_cropped_1024/00092.jpg,real,0.33880007721483707,0.2131640911102295
00088,CLIP-D,grid_max,/media/CrispyMcMarkInc/Real_cropped_1024/00088.jpg,fake,0.953616738319397,0.20779061317443848
00056,CLIP-D,grid_max,/media/CrispyMcMarkInc/Real_cropped_1024/00056.jpg,fake,0.7187365424633027,0.23937630653381348
00009,CLIP-D,grid_max,/media/CrispyMcMarkInc/Real_cropped_1024/00009.jpg,real,0.4337700021266937,0.21868610382080078
00091,CLIP-D,grid_max,/media/CrispyMcMarkInc/Real_cropped_1024/00091.jpg,fake,0.8361895453929901,0.2095017433166504
00007,CLIP-D,grid_max,/media/CrispyMcMarkInc/Real_cropped_1024/00007.jpg,fake,0.6663690531253814,0.26747870445251465
00067,CLIP-D,grid_max,/media/CrispyMcMarkInc/Real_cropped_1024/00067.jpg,fake,0.5644505310058594,0.5734841823577881
00066,CLIP-D,grid_max,/media/CrispyMcMarkInc/Real_cropped_1024/00066.jpg,fake,0.717380702495575,1.6210873126983643
00000,CLIP-D,grid_max,/media/CrispyMcMarkInc/Real_cropped_1024/00000.jpg,fake,0.9451242089271545,0.19234585762023926
00054,CLIP-D,grid_max,/media/CrispyMcMarkInc/Real_cropped_1024/00054.jpg,fake,0.8633671402931213,0.19076848030090332
00002,CLIP-D,grid_max,/media/CrispyMcMarkInc/Real_cropped_1024/00002.jpg,fake,0.9791168570518494,0.21533489227294922
00072,CLIP-D,grid_max,/media/CrispyMcMarkInc/Real_cropped_1024/00072.jpg,fake,0.7546322345733643,0.8397064208984375
00036,CLIP-D,grid_max,/media/CrispyMcMarkInc/Real_cropped_1024/00036.jpg,fake,0.9279459118843079,0.8479487895965576
00084,CLIP-D,grid_max,/media/CrispyMcMarkInc/Real_cropped_1024/00084.jpg,fake,0.9457994103431702,0.18871021270751953
00008,CLIP-D,grid_max,/media/CrispyMcMarkInc/Real_cropped_1024/00008.jpg,fake,0.6062026619911194,0.21105456352233887
00049,CLIP-D,grid_max,/media/CrispyMcMarkInc/Real_cropped_1024/00049.jpg,fake,0.9886239767074585,0.23214411735534668
00038,CLIP-D,grid_max,/media/CrispyMcMarkInc/Real_cropped_1024/00038.jpg,fake,0.8951928615570068,0.19304800033569336
00039,CLIP-D,grid_max,/media/CrispyMcMarkInc/Real_cropped_1024/00039.jpg,fake,0.6798257827758789,0.704646110534668
00006,CLIP-D,grid_max,/media/CrispyMcMarkInc/Real_cropped_1024/00006.jpg,fake,0.9531905651092529,2.6535637378692627
00041,CLIP-D,grid_max,/media/CrispyMcMarkInc/Real_cropped_1024/00041.jpg,fake,0.9860582947731018,0.24132919311523438
00087,CLIP-D,grid_max,/media/CrispyMcMarkInc/Real_cropped_1024/00087.jpg,fake,0.9902095794677734,0.2157573699951172
00021,CLIP-D,grid_max,/media/CrispyMcMarkInc/Real_cropped_1024/00021.jpg,fake,0.8342025876045227,3.1062381267547607
00045,CLIP-D,grid_max,/media/CrispyMcMarkInc/Real_cropped_1024/00045.jpg,real,0.4819391667842865,0.22035908699035645
00081,CLIP-D,grid_max,/media/CrispyMcMarkInc/Real_cropped_1024/00081.jpg,fake,0.9366583228111267,0.1900935173034668
00013,CLIP-D,grid_max,/media/CrispyMcMarkInc/Real_cropped_1024/00013.jpg,fake,0.8903049230575562,0.2396678924560547
00034,CLIP-D,grid_max,/media/CrispyMcMarkInc/Real_cropped_1024/00034.jpg,fake,0.955003023147583,0.21573114395141602
00017,CLIP-D,grid_max,/media/CrispyMcMarkInc/Real_cropped_1024/00017.jpg,fake,0.7344601154327393,0.4817087650299072
00022,CLIP-D,grid_max,/media/CrispyMcMarkInc/Real_cropped_1024/00022.jpg,fake,0.8249077200889587,2.245296001434326
00012,CLIP-D,grid_max,/media/CrispyMcMarkInc/Real_cropped_1024/00012.jpg,fake,0.9456941485404968,0.24604392051696777
00057,CLIP-D,grid_max,/media/CrispyMcMarkInc/Real_cropped_1024/00057.jpg,fake,0.8772210478782654,0.24361395835876465
00097,CLIP-D,grid_max,/media/CrispyMcMarkInc/Real_cropped_1024/00097.jpg,fake,0.9629690051078796,2.160198211669922
00051,CLIP-D,grid_max,/media/CrispyMcMarkInc/Real_cropped_1024/00051.jpg,fake,0.7496742606163025,0.29186487197875977
00027,CLIP-D,grid_max,/media/CrispyMcMarkInc/Real_cropped_1024/00027.jpg,fake,0.9819127321243286,0.3031127452850342
00043,CLIP-D,grid_max,/media/CrispyMcMarkInc/Real_cropped_1024/00043.jpg,fake,0.9956197142601013,2.5342977046966553
00073,CLIP-D,grid_max,/media/CrispyMcMarkInc/Real_cropped_1024/00073.jpg,fake,0.7510721683502197,0.22458720207214355
00033,CLIP-D,grid_max,/media/CrispyMcMarkInc/Real_cropped_1024/00033.jpg,fake,0.9415354132652283,2.7958786487579346
00030,CLIP-D,grid_max,/media/CrispyMcMarkInc/Real_cropped_1024/00030.jpg,fake,0.986957311630249,0.2956819534301758
00061,CLIP-D,grid_max,/media/CrispyMcMarkInc/Real_cropped_1024/00061.jpg,real,0.3737301126122475,3.913506031036377
00063,CLIP-D,grid_max,/media/CrispyMcMarkInc/Real_cropped_1024/00063.jpg,fake,0.9937791228294373,3.197972536087036
00050,CLIP-D,grid_max,/media/CrispyMcMarkInc/Real_cropped_1024/00050.jpg,fake,0.9079881310462952,0.18983769416809082
00058,CLIP-D,grid_max,/media/CrispyMcMarkInc/Real_cropped_1024/00058.jpg,fake,0.9627842307090759,0.1999969482421875
00099,CLIP-D,grid_mean,/media/CrispyMcMarkInc/Real_cropped_1024/00099.jpg,real,0.361823733150959,4.544896364212036
00026,CLIP-D,grid_mean,/media/CrispyMcMarkInc/Real_cropped_1024/00026.jpg,real,0.2723366379737854,0.21576738357543945
00029,CLIP-D,grid_mean,/media/CrispyMcMarkInc/Real_cropped_1024/00029.jpg,fake,0.5417233937978745,0.19172930717468262
00040,CLIP-D,grid_mean,/media/CrispyMcMarkInc/Real_cropped_1024/00040.jpg,fake,0.7903161239624024,3.1992573738098145
00095,CLIP-D,grid_mean,/media/CrispyMcMarkInc/Real_cropped_1024/00095.jpg,real,0.4770693802833557,0.5706799030303955
00094,CLIP-D,grid_mean,/media/CrispyMcMarkInc/Real_cropped_1024/00094.jpg,fake,0.8625408375263214,0.29674553871154785
00077,CLIP-D,grid_mean,/media/CrispyMcMarkInc/Real_cropped_1024/00077.jpg,fake,0.7337460458278656,3.665526866912842
00076,CLIP-D,grid_mean,/media/CrispyMcMarkInc/Real_cropped_1024/00076.jpg,fake,0.8781848549842834,2.485168695449829
00037,CLIP-D,grid_mean,/media/CrispyMcMarkInc/Real_cropped_1024/00037.jpg,fake,0.9404006600379944,0.2221975326538086
00074,CLIP-D,grid_mean,/media/CrispyMcMarkInc/Real_cropped_1024/00074.jpg,fake,0.9542997479438782,0.24217438697814941
00001,CLIP-D,grid_mean,/media/CrispyMcMarkInc/Real_cropped_1024/00001.jpg,fake,0.9574053883552551,0.22564077377319336
00005,CLIP-D,grid_mean,/media/CrispyMcMarkInc/Real_cropped_1024/00005.jpg,real,0.4673536044359207,0.2951080799102783
00098,CLIP-D,grid_mean,/media/CrispyMcMarkInc/Real_cropped_1024/00098.jpg,real,0.259041258841753,3.472715139389038
00046,CLIP-D,grid_mean,/media/CrispyMcMarkInc/Real_cropped_1024/00046.jpg,real,0.3384800240397453,0.24113011360168457
00079,CLIP-D,grid_mean,/media/CrispyMcMarkInc/Real_cropped_1024/00079.jpg,real,0.2754195635765791,0.2179121971130371
00090,CLIP-D,grid_mean,/media/CrispyMcMarkInc/Real_cropped_1024/00090.jpg,real,0.21865540608763695,0.21111321449279785
00085,CLIP-D,grid_mean,/media/CrispyMcMarkInc/Real_cropped_1024/00085.jpg,fake,0.720950824022293,0.28101468086242676
00071,CLIP-D,grid_mean,/media/CrispyMcMarkInc/Real_cropped_1024/00071.jpg,real,0.27516495510935784,0.21386265754699707
00070,CLIP-D,grid_mean,/media/CrispyMcMarkInc/Real_cropped_1024/00070.jpg,fake,0.6166649633646011,0.22583961486816406
00047,CLIP-D,grid_mean,/media/CrispyMcMarkInc/Real_cropped_1024/00047.jpg,fake,0.7711230838298797,0.20873451232910156
00042,CLIP-D,grid_mean,/media/CrispyMcMarkInc/Real_cropped_1024/00042.jpg,fake,0.5301184070110321,0.29039859771728516
00003,CLIP-D,grid_mean,/media/CrispyMcMarkInc/Real_cropped_1024/00003.jpg,fake,0.714330792427063,0.30196118354797363
00068,CLIP-D,grid_mean,/media/CrispyMcMarkInc/Real_cropped_1024/00068.jpg,real,0.4438786154985428,0.194352388381958
00062,CLIP-D,grid_mean,/media/CrispyMcMarkInc/Real_cropped_1024/00062.jpg,real,0.4185215429216623,0.4126460552215576
00024,CLIP-D,grid_mean,/media/CrispyMcMarkInc/Real_cropped_1024/00024.jpg,fake,0.5105164355039596,0.22760844230651855
00010,CLIP-D,grid_mean,/media/CrispyMcMarkInc/Real_cropped_1024/00010.jpg,fake,0.6964789986610412,2.5203957557678223
00011,CLIP-D,grid_mean,/media/CrispyMcMarkInc/Real_cropped_1024/00011.jpg,real,0.42012388408184054,0.22118425369262695
00089,CLIP-D,grid_mean,/media/CrispyMcMarkInc/Real_cropped_1024/00089.jpg,real,0.44727139502763746,0.2163405418395996
00055,CLIP-D,grid_mean,/media/CrispyMcMarkInc/Real_cropped_1024/00055.jpg,real,0.4886975812911987,0.1968669891357422
00016,CLIP-D,grid_mean,/media/CrispyMcMarkInc/Real_cropped_1024/00016.jpg,fake,0.5324320459365844,0.19417285919189453
00093,CLIP-D,grid_mean,/media/CrispyMcMarkInc/Real_cropped_1024/00093.jpg,fake,0.6972366333007812,2.2925822734832764
00086,CLIP-D,grid_mean,/media/CrispyMcMarkInc/Real_cropped_1024/00086.jpg,fake,0.7422750687599182,0.2247617244720459
00023,CLIP-D,grid_mean,/media/CrispyMcMarkInc/Real_cropped_1024/00023.jpg,fake,0.8028251457214356,0.18955349922180176
00020,CLIP-D,grid_mean,/media/CrispyMcMarkInc/Real_cropped_1024/00020.jpg,real,0.23237549468874932,0.19384002685546875
00032,CLIP-D,grid_mean,/media/CrispyMcMarkInc/Real_cropped_1024/00032.jpg,real,0.44022131502628326,1.8523480892181396
00048,CLIP-D,grid_mean,/media/CrispyMcMarkInc/Real_cropped_1024/00048.jpg,real,0.49003714260761627,0.2220463752746582
00044,CLIP-D,grid_mean,/media/CrispyMcMarkInc/Real_cropped_1024/00044.jpg,real,0.4867852213978767,2.558835744857788
00004,CLIP-D,grid_mean,/media/CrispyMcMarkInc/Real_cropped_1024/00004.jpg,real,0.3033447026461363,0.3213038444519043
00053,CLIP-D,grid_mean,/media/CrispyMcMarkInc/Real_cropped_1024/00053.jpg,real,0.25278051659464834,0.1889629364013672
00014,CLIP-D,grid_mean,/media/CrispyMcMarkInc/Real_cropped_1024/00014.jpg,real,0.4619759249687195,0.18689465522766113
00080,CLIP-D,grid_mean,/media/CrispyMcMarkInc/Real_cropped_1024/00080.jpg,fake,0.7464493930339813,0.22050213813781738
00015,CLIP-D,grid_mean,/media/CrispyMcMarkInc/Real_cropped_1024/00015.jpg,real,0.2740087044239044,0.32895827293395996
00035,CLIP-D,grid_mean,/media/CrispyMcMarkInc/Real_cropped_1024/00035.jpg,fake,0.5773220643401146,0.20277953147888184
00075,CLIP-D,grid_mean,/media/CrispyMcMarkInc/Real_cropped_1024/00075.jpg,real,0.38526720345020293,0.46797704696655273
00064,CLIP-D,grid_mean,/media/CrispyMcMarkInc/Real_cropped_1024/00064.jpg,fake,0.59924511551857,0.23628020286560059
00069,CLIP-D,grid_mean,/media/CrispyMcMarkInc/Real_cropped_1024/00069.jpg,fake,0.6691001582145691,0.23265743255615234
00096,CLIP-D,grid_mean,/media/CrispyMcMarkInc/Real_cropped_1024/00096.jpg,fake,0.6324557411670685,0.30230236053466797
00078,CLIP-D,grid_mean,/media/CrispyMcMarkInc/Real_cropped_1024/00078.jpg,fake,0.9713327884674072,0.20508337020874023
00060,CLIP-D,grid_mean,/media/CrispyMcMarkInc/Real_cropped_1024/00060.jpg,real,0.4176815414428711,0.2500021457672119
00028,CLIP-D,grid_mean,/media/CrispyMcMarkInc/Real_cropped_1024/00028.jpg,real,0.3713558378070593,0.38617515563964844
00018,CLIP-D,grid_mean,/media/CrispyMcMarkInc/Real_cropped_1024/00018.jpg,real,0.25499450583010913,0.2543485164642334
00031,CLIP-D,grid_mean,/media/CrispyMcMarkInc/Real_cropped_1024/00031.jpg,fake,0.5601809445023537,3.2005064487457275
00052,CLIP-D,grid_mean,/media/CrispyMcMarkInc/Real_cropped_1024/00052.jpg,real,0.4712472063302994,0.42161035537719727
00019,CLIP-D,grid_mean,/media/CrispyMcMarkInc/Real_cropped_1024/00019.jpg,fake,0.6029221558570862,0.1874222755432129
00065,CLIP-D,grid_mean,/media/CrispyMcMarkInc/Real_cropped_1024/00065.jpg,real,0.252447771653533,0.2188706398010254
00082,CLIP-D,grid_mean,/media/CrispyMcMarkInc/Real_cropped_1024/00082.jpg,fake,0.7747663593292237,2.535787582397461
00025,CLIP-D,grid_mean,/media/CrispyMcMarkInc/Real_cropped_1024/00025.jpg,real,0.44258841186761855,0.2756648063659668
00083,CLIP-D,grid_mean,/media/CrispyMcMarkInc/Real_cropped_1024/00083.jpg,real,0.4113527535647154,0.27718663215637207
00059,CLIP-D,grid_mean,/media/CrispyMcMarkInc/Real_cropped_1024/00059.jpg,real,0.2232277761399746,3.109632968902588
00092,CLIP-D,grid_mean,/media/CrispyMcMarkInc/Real_cropped_1024/00092.jpg,real,0.33880007721483707,0.2131640911102295
00088,CLIP-D,grid_mean,/media/CrispyMcMarkInc/Real_cropped_1024/00088.jpg,fake,0.665631287097931,0.19298768043518066
00056,CLIP-D,grid_mean,/media/CrispyMcMarkInc/Real_cropped_1024/00056.jpg,fake,0.7187365424633027,0.23937630653381348
00009,CLIP-D,grid_mean,/media/CrispyMcMarkInc/Real_cropped_1024/00009.jpg,real,0.4337700021266937,0.21868610382080078
00091,CLIP-D,grid_mean,/media/CrispyMcMarkInc/Real_cropped_1024/00091.jpg,fake,0.8361895453929901,0.2095017433166504
00007,CLIP-D,grid_mean,/media/CrispyMcMarkInc/Real_cropped_1024/00007.jpg,fake,0.6663690531253814,0.26747870445251465
00067,CLIP-D,grid_mean,/media/CrispyMcMarkInc/Real_cropped_1024/00067.jpg,fake,0.5644505310058594,0.5734841823577881
00066,CLIP-D,grid_mean,/media/CrispyMcMarkInc/Real_cropped_1024/00066.jpg,real,0.24598003067076207,0.21323180198669434
00000,CLIP-D,grid_mean,/media/CrispyMcMarkInc/Real_cropped_1024/00000.jpg,fake,0.7818261969089508,0.1936326026916504
00054,CLIP-D,grid_mean,/media/CrispyMcMarkInc/Real_cropped_1024/00054.jpg,fake,0.8633671402931213,0.19076848030090332
00002,CLIP-D,grid_mean,/media/CrispyMcMarkInc/Real_cropped_1024/00002.jpg,fake,0.9791168570518494,0.21533489227294922
00072,CLIP-D,grid_mean,/media/CrispyMcMarkInc/Real_cropped_1024/00072.jpg,fake,0.7546322345733643,0.8397064208984375
00036,CLIP-D,grid_mean,/media/CrispyMcMarkInc/Real_cropped_1024/00036.jpg,fake,0.62567202180624,0.22968220710754395
00084,CLIP-D,grid_mean,/media/CrispyMcMarkInc/Real_cropped_1024/00084.jpg,fake,0.6829631567001343,0.1960456371307373
00008,CLIP-D,grid_mean,/media/CrispyMcMarkInc/Real_cropped_1024/00008.jpg,fake,0.6062026619911194,0.21105456352233887
00049,CLIP-D,grid_mean,/media/CrispyMcMarkInc/Real_cropped_1024/00049.jpg,fake,0.9886239767074585,0.23214411735534668
00038,CLIP-D,grid_mean,/media/CrispyMcMarkInc/Real_cropped_1024/00038.jpg,fake,0.8951928615570068,0.19304800033569336
00039,CLIP-D,grid_mean,/media/CrispyMcMarkInc/Real_cropped_1024/00039.jpg,real,0.20467007525265216,0.4375119209289551
00006,CLIP-D,grid_mean,/media/CrispyMcMarkInc/Real_cropped_1024/00006.jpg,real,0.4699944993108511,2.774282932281494
00041,CLIP-D,grid_mean,/media/CrispyMcMarkInc/Real_cropped_1024/00041.jpg,fake,0.5983938056230546,0.4924757480621338
00087,CLIP-D,grid_mean,/media/CrispyMcMarkInc/Real_cropped_1024/00087.jpg,fake,0.740848468542099,0.27393174171447754
00021,CLIP-D,grid_mean,/media/CrispyMcMarkInc/Real_cropped_1024/00021.jpg,real,0.29948037058115007,0.19356584548950195
00045,CLIP-D,grid_mean,/media/CrispyMcMarkInc/Real_cropped_1024/00045.jpg,real,0.22553491204977036,0.20867085456848145
00081,CLIP-D,grid_mean,/media/CrispyMcMarkInc/Real_cropped_1024/00081.jpg,real,0.26008614733815194,0.20974254608154297
00013,CLIP-D,grid_mean,/media/CrispyMcMarkInc/Real_cropped_1024/00013.jpg,real,0.3984666925668716,0.20920920372009277
00034,CLIP-D,grid_mean,/media/CrispyMcMarkInc/Real_cropped_1024/00034.jpg,fake,0.8902486801147461,0.28673815727233887
00017,CLIP-D,grid_mean,/media/CrispyMcMarkInc/Real_cropped_1024/00017.jpg,real,0.3000223183631897,0.2009141445159912
00022,CLIP-D,grid_mean,/media/CrispyMcMarkInc/Real_cropped_1024/00022.jpg,real,0.30501094155013564,0.19261527061462402
00012,CLIP-D,grid_mean,/media/CrispyMcMarkInc/Real_cropped_1024/00012.jpg,fake,0.731611258983612,0.21427297592163086
00057,CLIP-D,grid_mean,/media/CrispyMcMarkInc/Real_cropped_1024/00057.jpg,fake,0.8772210478782654,0.24361395835876465
00097,CLIP-D,grid_mean,/media/CrispyMcMarkInc/Real_cropped_1024/00097.jpg,fake,0.5116281965374947,2.5208418369293213
00051,CLIP-D,grid_mean,/media/CrispyMcMarkInc/Real_cropped_1024/00051.jpg,fake,0.7496742606163025,0.29186487197875977
00027,CLIP-D,grid_mean,/media/CrispyMcMarkInc/Real_cropped_1024/00027.jpg,fake,0.9819127321243286,0.3031127452850342
00043,CLIP-D,grid_mean,/media/CrispyMcMarkInc/Real_cropped_1024/00043.jpg,fake,0.923363802433014,0.19242143630981445
00073,CLIP-D,grid_mean,/media/CrispyMcMarkInc/Real_cropped_1024/00073.jpg,fake,0.7510721683502197,0.22458720207214355
00033,CLIP-D,grid_mean,/media/CrispyMcMarkInc/Real_cropped_1024/00033.jpg,fake,0.9415354132652283,2.7958786487579346
00030,CLIP-D,grid_mean,/media/CrispyMcMarkInc/Real_cropped_1024/00030.jpg,fake,0.986957311630249,0.2956819534301758
00061,CLIP-D,grid_mean,/media/CrispyMcMarkInc/Real_cropped_1024/00061.jpg,real,0.3737301126122475,3.913506031036377
00063,CLIP-D,grid_mean,/media/CrispyMcMarkInc/Real_cropped_1024/00063.jpg,fake,0.782253108844161,3.39929461479187
00050,CLIP-D,grid_mean,/media/CrispyMcMarkInc/Real_cropped_1024/00050.jpg,fake,0.5739927971363068,2.217571973800659
00058,CLIP-D,grid_mean,/media/CrispyMcMarkInc/Real_cropped_1024/00058.jpg,fake,0.796622953414917,0.1911911964416504
00099,CLIP-D,patch_majority,/media/CrispyMcMarkInc/Real_cropped_1024/00099.jpg,fake,0.9434181451797485,9.833699703216553
00026,CLIP-D,patch_majority,/media/CrispyMcMarkInc/Real_cropped_1024/00026.jpg,fake,0.713660717010498,9.368024587631226
00029,CLIP-D,patch_majority,/media/CrispyMcMarkInc/Real_cropped_1024/00029.jpg,fake,0.9536052346229553,6.711397647857666
00040,CLIP-D,patch_majority,/media/CrispyMcMarkInc/Real_cropped_1024/00040.jpg,fake,1.0,8.913211345672607
00095,CLIP-D,patch_majority,/media/CrispyMcMarkInc/Real_cropped_1024/00095.jpg,real,0.0,0.6756293773651123
00094,CLIP-D,patch_majority,/media/CrispyMcMarkInc/Real_cropped_1024/00094.jpg,fake,1.0,0.692401647567749
00077,CLIP-D,patch_majority,/media/CrispyMcMarkInc/Real_cropped_1024/00077.jpg,fake,1.0,0.5153594017028809
00076,CLIP-D,patch_majority,/media/CrispyMcMarkInc/Real_cropped_1024/00076.jpg,real,0.0,0.6571190357208252
00037,CLIP-D,patch_majority,/media/CrispyMcMarkInc/Real_cropped_1024/00037.jpg,fake,1.0,4.743970632553101
00074,CLIP-D,patch_majority,/media/CrispyMcMarkInc/Real_cropped_1024/00074.jpg,fake,1.0,1.254514455795288
00001,CLIP-D,patch_majority,/media/CrispyMcMarkInc/Real_cropped_1024/00001.jpg,fake,1.0,10.393662452697754
00005,CLIP-D,patch_majority,/media/CrispyMcMarkInc/Real_cropped_1024/00005.jpg,real,0.0,0.5445783138275146
00098,CLIP-D,patch_majority,/media/CrispyMcMarkInc/Real_cropped_1024/00098.jpg,real,0.0,1.218353271484375
00046,CLIP-D,patch_majority,/media/CrispyMcMarkInc/Real_cropped_1024/00046.jpg,real,0.0,0.7300207614898682
00079,CLIP-D,patch_majority,/media/CrispyMcMarkInc/Real_cropped_1024/00079.jpg,real,0.0,0.6824872493743896
00090,CLIP-D,patch_majority,/media/CrispyMcMarkInc/Real_cropped_1024/00090.jpg,real,0.0,0.6175272464752197
00085,CLIP-D,patch_majority,/media/CrispyMcMarkInc/Real_cropped_1024/00085.jpg,fake,1.0,0.562457799911499
00071,CLIP-D,patch_majority,/media/CrispyMcMarkInc/Real_cropped_1024/00071.jpg,real,0.0,0.476651668548584
00070,CLIP-D,patch_majority,/media/CrispyMcMarkInc/Real_cropped_1024/00070.jpg,fake,1.0,0.944495677947998
00047,CLIP-D,patch_majority,/media/CrispyMcMarkInc/Real_cropped_1024/00047.jpg,fake,1.0,0.5007772445678711
00042,CLIP-D,patch_majority,/media/CrispyMcMarkInc/Real_cropped_1024/00042.jpg,fake,1.0,1.715630292892456
00003,CLIP-D,patch_majority,/media/CrispyMcMarkInc/Real_cropped_1024/00003.jpg,fake,1.0,0.7275841236114502
00068,CLIP-D,patch_majority,/media/CrispyMcMarkInc/Real_cropped_1024/00068.jpg,real,0.0,0.5687847137451172
00062,CLIP-D,patch_majority,/media/CrispyMcMarkInc/Real_cropped_1024/00062.jpg,real,0.0,0.48342037200927734
00024,CLIP-D,patch_majority,/media/CrispyMcMarkInc/Real_cropped_1024/00024.jpg,real,0.0,0.6116464138031006
00010,CLIP-D,patch_majority,/media/CrispyMcMarkInc/Real_cropped_1024/00010.jpg,fake,1.0,0.9566307067871094
00011,CLIP-D,patch_majority,/media/CrispyMcMarkInc/Real_cropped_1024/00011.jpg,real,0.0,0.8256454467773438
00089,CLIP-D,patch_majority,/media/CrispyMcMarkInc/Real_cropped_1024/00089.jpg,real,0.0,0.926541805267334
00055,CLIP-D,patch_majority,/media/CrispyMcMarkInc/Real_cropped_1024/00055.jpg,fake,1.0,1.2015140056610107
00016,CLIP-D,patch_majority,/media/CrispyMcMarkInc/Real_cropped_1024/00016.jpg,fake,1.0,0.505962610244751
00093,CLIP-D,patch_majority,/media/CrispyMcMarkInc/Real_cropped_1024/00093.jpg,fake,1.0,0.51883864402771
00086,CLIP-D,patch_majority,/media/CrispyMcMarkInc/Real_cropped_1024/00086.jpg,fake,1.0,6.537677764892578
00023,CLIP-D,patch_majority,/media/CrispyMcMarkInc/Real_cropped_1024/00023.jpg,fake,1.0,0.9696595668792725
00020,CLIP-D,patch_majority,/media/CrispyMcMarkInc/Real_cropped_1024/00020.jpg,real,0.0,0.5301001071929932
00032,CLIP-D,patch_majority,/media/CrispyMcMarkInc/Real_cropped_1024/00032.jpg,real,0.0,0.6534087657928467
00048,CLIP-D,patch_majority,/media/CrispyMcMarkInc/Real_cropped_1024/00048.jpg,real,0.0,0.6024651527404785
00044,CLIP-D,patch_majority,/media/CrispyMcMarkInc/Real_cropped_1024/00044.jpg,real,0.0,0.5580763816833496
00004,CLIP-D,patch_majority,/media/CrispyMcMarkInc/Real_cropped_1024/00004.jpg,real,0.0,0.6232955455780029
00053,CLIP-D,patch_majority,/media/CrispyMcMarkInc/Real_cropped_1024/00053.jpg,real,0.0,1.4615387916564941
00014,CLIP-D,patch_majority,/media/CrispyMcMarkInc/Real_cropped_1024/00014.jpg,fake,1.0,0.6326212882995605
00080,CLIP-D,patch_majority,/media/CrispyMcMarkInc/Real_cropped_1024/00080.jpg,fake,1.0,0.6702756881713867
00015,CLIP-D,patch_majority,/media/CrispyMcMarkInc/Real_cropped_1024/00015.jpg,real,0.0,0.6760025024414062
00035,CLIP-D,patch_majority,/media/CrispyMcMarkInc/Real_cropped_1024/00035.jpg,fake,1.0,0.696324348449707
00075,CLIP-D,patch_majority,/media/CrispyMcMarkInc/Real_cropped_1024/00075.jpg,real,0.0,1.222064733505249
00064,CLIP-D,patch_majority,/media/CrispyMcMarkInc/Real_cropped_1024/00064.jpg,fake,1.0,0.5313634872436523
00069,CLIP-D,patch_majority,/media/CrispyMcMarkInc/Real_cropped_1024/00069.jpg,fake,1.0,0.9295785427093506
00096,CLIP-D,patch_majority,/media/CrispyMcMarkInc/Real_cropped_1024/00096.jpg,fake,1.0,0.6047239303588867
00078,CLIP-D,patch_majority,/media/CrispyMcMarkInc/Real_cropped_1024/00078.jpg,fake,1.0,0.4756438732147217
00060,CLIP-D,patch_majority,/media/CrispyMcMarkInc/Real_cropped_1024/00060.jpg,real,0.0,11.23263931274414
00028,CLIP-D,patch_majority,/media/CrispyMcMarkInc/Real_cropped_1024/00028.jpg,real,0.0,0.6742432117462158
00018,CLIP-D,patch_majority,/media/CrispyMcMarkInc/Real_cropped_1024/00018.jpg,real,0.0,0.569927453994751
00031,CLIP-D,patch_majority,/media/CrispyMcMarkInc/Real_cropped_1024/00031.jpg,fake,1.0,1.3869435787200928
00052,CLIP-D,patch_majority,/media/CrispyMcMarkInc/Real_cropped_1024/00052.jpg,real,0.0,0.5164034366607666
00019,CLIP-D,patch_majority,/media/CrispyMcMarkInc/Real_cropped_1024/00019.jpg,fake,1.0,0.6153512001037598
00065,CLIP-D,patch_majority,/media/CrispyMcMarkInc/Real_cropped_1024/00065.jpg,real,0.0,4.575922966003418
00082,CLIP-D,patch_majority,/media/CrispyMcMarkInc/Real_cropped_1024/00082.jpg,fake,1.0,0.4933452606201172
00025,CLIP-D,patch_majority,/media/CrispyMcMarkInc/Real_cropped_1024/00025.jpg,real,0.0,0.5286004543304443
00083,CLIP-D,patch_majority,/media/CrispyMcMarkInc/Real_cropped_1024/00083.jpg,real,0.0,0.5264320373535156
00059,CLIP-D,patch_majority,/media/CrispyMcMarkInc/Real_cropped_1024/00059.jpg,real,0.0,0.6471130847930908
00092,CLIP-D,patch_majority,/media/CrispyMcMarkInc/Real_cropped_1024/00092.jpg,real,0.0,1.5119059085845947
00088,CLIP-D,patch_majority,/media/CrispyMcMarkInc/Real_cropped_1024/00088.jpg,fake,1.0,0.4611937999725342
00056,CLIP-D,patch_majority,/media/CrispyMcMarkInc/Real_cropped_1024/00056.jpg,fake,1.0,0.5000836849212646
00009,CLIP-D,patch_majority,/media/CrispyMcMarkInc/Real_cropped_1024/00009.jpg,real,0.0,0.46979284286499023
00091,CLIP-D,patch_majority,/media/CrispyMcMarkInc/Real_cropped_1024/00091.jpg,fake,1.0,0.5940532684326172
00007,CLIP-D,patch_majority,/media/CrispyMcMarkInc/Real_cropped_1024/00007.jpg,fake,1.0,0.7007184028625488
00067,CLIP-D,patch_majority,/media/CrispyMcMarkInc/Real_cropped_1024/00067.jpg,fake,1.0,1.5504441261291504
00066,CLIP-D,patch_majority,/media/CrispyMcMarkInc/Real_cropped_1024/00066.jpg,real,0.0,0.49980711936950684
00000,CLIP-D,patch_majority,/media/CrispyMcMarkInc/Real_cropped_1024/00000.jpg,fake,1.0,4.335176706314087
00054,CLIP-D,patch_majority,/media/CrispyMcMarkInc/Real_cropped_1024/00054.jpg,fake,1.0,0.6513524055480957
00002,CLIP-D,patch_majority,/media/CrispyMcMarkInc/Real_cropped_1024/00002.jpg,real,0.0,1.369776725769043
00072,CLIP-D,patch_majority,/media/CrispyMcMarkInc/Real_cropped_1024/00072.jpg,real,0.0,0.9843571186065674
00036,CLIP-D,patch_majority,/media/CrispyMcMarkInc/Real_cropped_1024/00036.jpg,fake,1.0,3.133577823638916
00084,CLIP-D,patch_majority,/media/CrispyMcMarkInc/Real_cropped_1024/00084.jpg,fake,1.0,0.963538646697998
00008,CLIP-D,patch_majority,/media/CrispyMcMarkInc/Real_cropped_1024/00008.jpg,real,0.0,0.7710914611816406
00049,CLIP-D,patch_majority,/media/CrispyMcMarkInc/Real_cropped_1024/00049.jpg,fake,1.0,0.6171102523803711
00038,CLIP-D,patch_majority,/media/CrispyMcMarkInc/Real_cropped_1024/00038.jpg,fake,1.0,0.7182798385620117
00039,CLIP-D,patch_majority,/media/CrispyMcMarkInc/Real_cropped_1024/00039.jpg,real,0.0,0.67922043800354
00006,CLIP-D,patch_majority,/media/CrispyMcMarkInc/Real_cropped_1024/00006.jpg,fake,1.0,0.7125999927520752
00041,CLIP-D,patch_majority,/media/CrispyMcMarkInc/Real_cropped_1024/00041.jpg,fake,1.0,0.4715266227722168
00087,CLIP-D,patch_majority,/media/CrispyMcMarkInc/Real_cropped_1024/00087.jpg,fake,1.0,0.47608494758605957
00021,CLIP-D,patch_majority,/media/CrispyMcMarkInc/Real_cropped_1024/00021.jpg,real,0.0,1.0100364685058594
00045,CLIP-D,patch_majority,/media/CrispyMcMarkInc/Real_cropped_1024/00045.jpg,real,0.0,5.2019734382629395
00081,CLIP-D,patch_majority,/media/CrispyMcMarkInc/Real_cropped_1024/00081.jpg,real,0.0,2.146972417831421
00013,CLIP-D,patch_majority,/media/CrispyMcMarkInc/Real_cropped_1024/00013.jpg,real,0.0,0.5673627853393555
00034,CLIP-D,patch_majority,/media/CrispyMcMarkInc/Real_cropped_1024/00034.jpg,fake,1.0,0.7534868717193604
00017,CLIP-D,patch_majority,/media/CrispyMcMarkInc/Real_cropped_1024/00017.jpg,real,0.0,0.5466020107269287
00022,CLIP-D,patch_majority,/media/CrispyMcMarkInc/Real_cropped_1024/00022.jpg,real,0.0,0.9117894172668457
00012,CLIP-D,patch_majority,/media/CrispyMcMarkInc/Real_cropped_1024/00012.jpg,fake,1.0,0.6032378673553467
00057,CLIP-D,patch_majority,/media/CrispyMcMarkInc/Real_cropped_1024/00057.jpg,real,0.0,0.5328516960144043
00097,CLIP-D,patch_majority,/media/CrispyMcMarkInc/Real_cropped_1024/00097.jpg,real,0.0,0.512274980545044
00051,CLIP-D,patch_majority,/media/CrispyMcMarkInc/Real_cropped_1024/00051.jpg,real,0.0,0.4756448268890381
00027,CLIP-D,patch_majority,/media/CrispyMcMarkInc/Real_cropped_1024/00027.jpg,fake,1.0,0.49074578285217285
00043,CLIP-D,patch_majority,/media/CrispyMcMarkInc/Real_cropped_1024/00043.jpg,fake,1.0,0.8031229972839355
00073,CLIP-D,patch_majority,/media/CrispyMcMarkInc/Real_cropped_1024/00073.jpg,real,0.0,5.023853063583374
00033,CLIP-D,patch_majority,/media/CrispyMcMarkInc/Real_cropped_1024/00033.jpg,fake,1.0,1.3293097019195557
00030,CLIP-D,patch_majority,/media/CrispyMcMarkInc/Real_cropped_1024/00030.jpg,real,0.0,0.48160219192504883
00061,CLIP-D,patch_majority,/media/CrispyMcMarkInc/Real_cropped_1024/00061.jpg,real,0.0,0.7154924869537354
00063,CLIP-D,patch_majority,/media/CrispyMcMarkInc/Real_cropped_1024/00063.jpg,fake,1.0,0.47775793075561523
00050,CLIP-D,patch_majority,/media/CrispyMcMarkInc/Real_cropped_1024/00050.jpg,fake,1.0,0.5663604736328125
00058,CLIP-D,patch_majority,/media/CrispyMcMarkInc/Real_cropped_1024/00058.jpg,fake,1.0,0.46046948432922363
00099,CLIP-D,patch_max,/media/CrispyMcMarkInc/Real_cropped_1024/00099.jpg,fake,0.9434181451797485,9.833699703216553
00026,CLIP-D,patch_max,/media/CrispyMcMarkInc/Real_cropped_1024/00026.jpg,fake,0.713660717010498,9.368024587631226
00029,CLIP-D,patch_max,/media/CrispyMcMarkInc/Real_cropped_1024/00029.jpg,fake,0.9536052346229553,6.711397647857666
00040,CLIP-D,patch_max,/media/CrispyMcMarkInc/Real_cropped_1024/00040.jpg,fake,0.9933269023895264,8.65738844871521
00095,CLIP-D,patch_max,/media/CrispyMcMarkInc/Real_cropped_1024/00095.jpg,fake,0.9872746467590332,8.731921195983887
00094,CLIP-D,patch_max,/media/CrispyMcMarkInc/Real_cropped_1024/00094.jpg,fake,0.9971228241920471,0.8143472671508789
00077,CLIP-D,patch_max,/media/CrispyMcMarkInc/Real_cropped_1024/00077.jpg,fake,0.9592455625534058,0.8552825450897217
00076,CLIP-D,patch_max,/media/CrispyMcMarkInc/Real_cropped_1024/00076.jpg,fake,0.9287525415420532,5.31703782081604
00037,CLIP-D,patch_max,/media/CrispyMcMarkInc/Real_cropped_1024/00037.jpg,fake,0.9829657673835754,0.650029182434082
00074,CLIP-D,patch_max,/media/CrispyMcMarkInc/Real_cropped_1024/00074.jpg,fake,0.9542996883392334,9.912228107452393
00001,CLIP-D,patch_max,/media/CrispyMcMarkInc/Real_cropped_1024/00001.jpg,fake,0.9794304370880127,0.5545003414154053
00005,CLIP-D,patch_max,/media/CrispyMcMarkInc/Real_cropped_1024/00005.jpg,fake,0.9766026735305786,3.8249013423919678
00098,CLIP-D,patch_max,/media/CrispyMcMarkInc/Real_cropped_1024/00098.jpg,fake,0.9626623392105103,0.6696667671203613
00046,CLIP-D,patch_max,/media/CrispyMcMarkInc/Real_cropped_1024/00046.jpg,fake,0.7838261127471924,1.1929752826690674
00079,CLIP-D,patch_max,/media/CrispyMcMarkInc/Real_cropped_1024/00079.jpg,fake,0.9415441155433655,0.6078243255615234
00090,CLIP-D,patch_max,/media/CrispyMcMarkInc/Real_cropped_1024/00090.jpg,real,0.4715323746204376,1.1004276275634766
00085,CLIP-D,patch_max,/media/CrispyMcMarkInc/Real_cropped_1024/00085.jpg,fake,0.973834216594696,1.9403278827667236
00071,CLIP-D,patch_max,/media/CrispyMcMarkInc/Real_cropped_1024/00071.jpg,fake,0.8193259239196777,0.703087568283081
00070,CLIP-D,patch_max,/media/CrispyMcMarkInc/Real_cropped_1024/00070.jpg,fake,0.935363233089447,0.8941495418548584
00047,CLIP-D,patch_max,/media/CrispyMcMarkInc/Real_cropped_1024/00047.jpg,fake,0.9933745265007019,0.47852301597595215
00042,CLIP-D,patch_max,/media/CrispyMcMarkInc/Real_cropped_1024/00042.jpg,fake,0.8959348201751709,1.4370737075805664
00003,CLIP-D,patch_max,/media/CrispyMcMarkInc/Real_cropped_1024/00003.jpg,fake,0.9890623688697815,0.7564561367034912
00068,CLIP-D,patch_max,/media/CrispyMcMarkInc/Real_cropped_1024/00068.jpg,fake,0.9792572259902954,0.5740516185760498
00062,CLIP-D,patch_max,/media/CrispyMcMarkInc/Real_cropped_1024/00062.jpg,fake,0.9335201978683472,0.606644868850708
00024,CLIP-D,patch_max,/media/CrispyMcMarkInc/Real_cropped_1024/00024.jpg,fake,0.975470244884491,0.48705005645751953
00010,CLIP-D,patch_max,/media/CrispyMcMarkInc/Real_cropped_1024/00010.jpg,fake,0.9896966218948364,0.8190269470214844
00011,CLIP-D,patch_max,/media/CrispyMcMarkInc/Real_cropped_1024/00011.jpg,fake,0.8022293448448181,3.2784130573272705
00089,CLIP-D,patch_max,/media/CrispyMcMarkInc/Real_cropped_1024/00089.jpg,fake,0.9135885834693909,0.585291862487793
00055,CLIP-D,patch_max,/media/CrispyMcMarkInc/Real_cropped_1024/00055.jpg,fake,0.9189823865890503,0.5105419158935547
00016,CLIP-D,patch_max,/media/CrispyMcMarkInc/Real_cropped_1024/00016.jpg,fake,0.8522170782089233,7.674417972564697
00093,CLIP-D,patch_max,/media/CrispyMcMarkInc/Real_cropped_1024/00093.jpg,fake,0.983458399772644,1.28678297996521
00086,CLIP-D,patch_max,/media/CrispyMcMarkInc/Real_cropped_1024/00086.jpg,fake,0.9765563011169434,0.4721975326538086
00023,CLIP-D,patch_max,/media/CrispyMcMarkInc/Real_cropped_1024/00023.jpg,fake,0.9681099653244019,0.7125766277313232
00020,CLIP-D,patch_max,/media/CrispyMcMarkInc/Real_cropped_1024/00020.jpg,fake,0.813226044178009,0.729745626449585
00032,CLIP-D,patch_max,/media/CrispyMcMarkInc/Real_cropped_1024/00032.jpg,fake,0.9940308928489685,0.582597017288208
00048,CLIP-D,patch_max,/media/CrispyMcMarkInc/Real_cropped_1024/00048.jpg,fake,0.9713860154151917,0.9614849090576172
00044,CLIP-D,patch_max,/media/CrispyMcMarkInc/Real_cropped_1024/00044.jpg,fake,0.9673965573310852,0.6582911014556885
00004,CLIP-D,patch_max,/media/CrispyMcMarkInc/Real_cropped_1024/00004.jpg,fake,0.8772807121276855,0.815683126449585
00053,CLIP-D,patch_max,/media/CrispyMcMarkInc/Real_cropped_1024/00053.jpg,fake,0.8144299983978271,0.8884258270263672
00014,CLIP-D,patch_max,/media/CrispyMcMarkInc/Real_cropped_1024/00014.jpg,fake,0.8785408139228821,0.5373075008392334
00080,CLIP-D,patch_max,/media/CrispyMcMarkInc/Real_cropped_1024/00080.jpg,fake,0.9954324960708618,0.6093413829803467
00015,CLIP-D,patch_max,/media/CrispyMcMarkInc/Real_cropped_1024/00015.jpg,fake,0.937450110912323,1.1703498363494873
00035,CLIP-D,patch_max,/media/CrispyMcMarkInc/Real_cropped_1024/00035.jpg,fake,0.9842246770858765,0.5066413879394531
00075,CLIP-D,patch_max,/media/CrispyMcMarkInc/Real_cropped_1024/00075.jpg,fake,0.924151599407196,0.49338817596435547
00064,CLIP-D,patch_max,/media/CrispyMcMarkInc/Real_cropped_1024/00064.jpg,fake,0.9172961115837097,0.5948038101196289
00069,CLIP-D,patch_max,/media/CrispyMcMarkInc/Real_cropped_1024/00069.jpg,fake,0.9620012044906616,0.49494290351867676
00096,CLIP-D,patch_max,/media/CrispyMcMarkInc/Real_cropped_1024/00096.jpg,fake,0.9813434481620789,9.277905464172363
00078,CLIP-D,patch_max,/media/CrispyMcMarkInc/Real_cropped_1024/00078.jpg,fake,0.9958290457725525,0.7233278751373291
00060,CLIP-D,patch_max,/media/CrispyMcMarkInc/Real_cropped_1024/00060.jpg,fake,0.9288533926010132,0.6884093284606934
00028,CLIP-D,patch_max,/media/CrispyMcMarkInc/Real_cropped_1024/00028.jpg,fake,0.9479299783706665,3.8016762733459473
00018,CLIP-D,patch_max,/media/CrispyMcMarkInc/Real_cropped_1024/00018.jpg,fake,0.9816693663597107,0.7254672050476074
00031,CLIP-D,patch_max,/media/CrispyMcMarkInc/Real_cropped_1024/00031.jpg,fake,0.9280509352684021,0.48291563987731934
00052,CLIP-D,patch_max,/media/CrispyMcMarkInc/Real_cropped_1024/00052.jpg,fake,0.9776039123535156,0.5194456577301025
00019,CLIP-D,patch_max,/media/CrispyMcMarkInc/Real_cropped_1024/00019.jpg,fake,0.963827908039093,1.9563946723937988
00065,CLIP-D,patch_max,/media/CrispyMcMarkInc/Real_cropped_1024/00065.jpg,fake,0.8755461573600769,0.5656938552856445
00082,CLIP-D,patch_max,/media/CrispyMcMarkInc/Real_cropped_1024/00082.jpg,fake,0.9699043035507202,0.7188291549682617
00025,CLIP-D,patch_max,/media/CrispyMcMarkInc/Real_cropped_1024/00025.jpg,fake,0.9655745029449463,0.5366148948669434
00083,CLIP-D,patch_max,/media/CrispyMcMarkInc/Real_cropped_1024/00083.jpg,fake,0.944404125213623,0.6891651153564453
00059,CLIP-D,patch_max,/media/CrispyMcMarkInc/Real_cropped_1024/00059.jpg,fake,0.7562500238418579,1.0200691223144531
00092,CLIP-D,patch_max,/media/CrispyMcMarkInc/Real_cropped_1024/00092.jpg,fake,0.8424230813980103,0.5878307819366455
00088,CLIP-D,patch_max,/media/CrispyMcMarkInc/Real_cropped_1024/00088.jpg,fake,0.953616738319397,0.724614143371582
00056,CLIP-D,patch_max,/media/CrispyMcMarkInc/Real_cropped_1024/00056.jpg,fake,0.9809864163398743,0.545365571975708
00009,CLIP-D,patch_max,/media/CrispyMcMarkInc/Real_cropped_1024/00009.jpg,fake,0.9173102974891663,0.6014680862426758
00091,CLIP-D,patch_max,/media/CrispyMcMarkInc/Real_cropped_1024/00091.jpg,fake,0.9902948141098022,0.48067307472229004
00007,CLIP-D,patch_max,/media/CrispyMcMarkInc/Real_cropped_1024/00007.jpg,fake,0.9534605741500854,0.48411035537719727
00067,CLIP-D,patch_max,/media/CrispyMcMarkInc/Real_cropped_1024/00067.jpg,fake,0.97575443983078,0.8065245151519775
00066,CLIP-D,patch_max,/media/CrispyMcMarkInc/Real_cropped_1024/00066.jpg,fake,0.8684388995170593,0.6221363544464111
00000,CLIP-D,patch_max,/media/CrispyMcMarkInc/Real_cropped_1024/00000.jpg,fake,0.9463996291160583,0.7728843688964844
00054,CLIP-D,patch_max,/media/CrispyMcMarkInc/Real_cropped_1024/00054.jpg,fake,0.8912598490715027,0.4976506233215332
00002,CLIP-D,patch_max,/media/CrispyMcMarkInc/Real_cropped_1024/00002.jpg,fake,0.9791168570518494,0.8423616886138916
00072,CLIP-D,patch_max,/media/CrispyMcMarkInc/Real_cropped_1024/00072.jpg,fake,0.8004286289215088,1.3728723526000977
00036,CLIP-D,patch_max,/media/CrispyMcMarkInc/Real_cropped_1024/00036.jpg,fake,0.9421623945236206,0.5172328948974609
00084,CLIP-D,patch_max,/media/CrispyMcMarkInc/Real_cropped_1024/00084.jpg,fake,0.957111120223999,0.5139932632446289
00008,CLIP-D,patch_max,/media/CrispyMcMarkInc/Real_cropped_1024/00008.jpg,fake,0.6290557980537415,7.120703220367432
00049,CLIP-D,patch_max,/media/CrispyMcMarkInc/Real_cropped_1024/00049.jpg,fake,0.9886239767074585,0.9013385772705078
00038,CLIP-D,patch_max,/media/CrispyMcMarkInc/Real_cropped_1024/00038.jpg,fake,0.8951928615570068,1.7641849517822266
00039,CLIP-D,patch_max,/media/CrispyMcMarkInc/Real_cropped_1024/00039.jpg,fake,0.9484520554542542,0.4701504707336426
00006,CLIP-D,patch_max,/media/CrispyMcMarkInc/Real_cropped_1024/00006.jpg,fake,0.9564428329467773,0.4904015064239502
00041,CLIP-D,patch_max,/media/CrispyMcMarkInc/Real_cropped_1024/00041.jpg,fake,0.9860582947731018,0.5230095386505127
00087,CLIP-D,patch_max,/media/CrispyMcMarkInc/Real_cropped_1024/00087.jpg,fake,0.9902095794677734,0.4891059398651123
00021,CLIP-D,patch_max,/media/CrispyMcMarkInc/Real_cropped_1024/00021.jpg,fake,0.8602796792984009,5.17889142036438
00045,CLIP-D,patch_max,/media/CrispyMcMarkInc/Real_cropped_1024/00045.jpg,fake,0.7136446833610535,1.3886613845825195
00081,CLIP-D,patch_max,/media/CrispyMcMarkInc/Real_cropped_1024/00081.jpg,fake,0.9366583228111267,0.5999195575714111
00013,CLIP-D,patch_max,/media/CrispyMcMarkInc/Real_cropped_1024/00013.jpg,fake,0.9593947529792786,1.1974194049835205
00034,CLIP-D,patch_max,/media/CrispyMcMarkInc/Real_cropped_1024/00034.jpg,fake,0.9642723202705383,0.6124212741851807
00017,CLIP-D,patch_max,/media/CrispyMcMarkInc/Real_cropped_1024/00017.jpg,fake,0.8326671719551086,1.051342248916626
00022,CLIP-D,patch_max,/media/CrispyMcMarkInc/Real_cropped_1024/00022.jpg,fake,0.8249077200889587,1.0334525108337402
00012,CLIP-D,patch_max,/media/CrispyMcMarkInc/Real_cropped_1024/00012.jpg,fake,0.9456941485404968,0.5796458721160889
00057,CLIP-D,patch_max,/media/CrispyMcMarkInc/Real_cropped_1024/00057.jpg,fake,0.8772210478782654,1.6547796726226807
00097,CLIP-D,patch_max,/media/CrispyMcMarkInc/Real_cropped_1024/00097.jpg,fake,0.9629690051078796,0.46532440185546875
00051,CLIP-D,patch_max,/media/CrispyMcMarkInc/Real_cropped_1024/00051.jpg,fake,0.7717653512954712,0.4683969020843506
00027,CLIP-D,patch_max,/media/CrispyMcMarkInc/Real_cropped_1024/00027.jpg,fake,0.9819127321243286,0.4674062728881836
00043,CLIP-D,patch_max,/media/CrispyMcMarkInc/Real_cropped_1024/00043.jpg,fake,0.9959301352500916,0.45812225341796875
00073,CLIP-D,patch_max,/media/CrispyMcMarkInc/Real_cropped_1024/00073.jpg,fake,0.9337974786758423,0.45691466331481934
00033,CLIP-D,patch_max,/media/CrispyMcMarkInc/Real_cropped_1024/00033.jpg,fake,0.9415355324745178,0.5453147888183594
00030,CLIP-D,patch_max,/media/CrispyMcMarkInc/Real_cropped_1024/00030.jpg,fake,0.986957311630249,0.4707789421081543
00061,CLIP-D,patch_max,/media/CrispyMcMarkInc/Real_cropped_1024/00061.jpg,fake,0.9025686979293823,0.8047568798065186
00063,CLIP-D,patch_max,/media/CrispyMcMarkInc/Real_cropped_1024/00063.jpg,fake,0.9953933954238892,0.45346546173095703
00099,CLIP-D,patch_mean,/media/CrispyMcMarkInc/Real_cropped_1024/00099.jpg,fake,0.9434181451797485,9.833699703216553
00026,CLIP-D,patch_mean,/media/CrispyMcMarkInc/Real_cropped_1024/00026.jpg,real,0.2641274168121594,1.2050983905792236
00029,CLIP-D,patch_mean,/media/CrispyMcMarkInc/Real_cropped_1024/00029.jpg,fake,0.5581211000221011,0.9815177917480469
00040,CLIP-D,patch_mean,/media/CrispyMcMarkInc/Real_cropped_1024/00040.jpg,fake,0.7807747304991439,0.6298267841339111
00095,CLIP-D,patch_mean,/media/CrispyMcMarkInc/Real_cropped_1024/00095.jpg,real,0.47677270028694174,5.806407690048218
00094,CLIP-D,patch_mean,/media/CrispyMcMarkInc/Real_cropped_1024/00094.jpg,fake,0.8835305681935063,9.068076848983765
00077,CLIP-D,patch_mean,/media/CrispyMcMarkInc/Real_cropped_1024/00077.jpg,fake,0.7570025133497921,2.0094990730285645
00076,CLIP-D,patch_mean,/media/CrispyMcMarkInc/Real_cropped_1024/00076.jpg,fake,0.5037589242428909,0.5579218864440918
00037,CLIP-D,patch_mean,/media/CrispyMcMarkInc/Real_cropped_1024/00037.jpg,fake,0.6828377815308394,1.2636702060699463
00074,CLIP-D,patch_mean,/media/CrispyMcMarkInc/Real_cropped_1024/00074.jpg,fake,0.6085527765070214,0.4746060371398926
00001,CLIP-D,patch_mean,/media/CrispyMcMarkInc/Real_cropped_1024/00001.jpg,fake,0.5494136701763412,0.5722103118896484
00005,CLIP-D,patch_mean,/media/CrispyMcMarkInc/Real_cropped_1024/00005.jpg,real,0.4722237750703906,0.4665524959564209
00098,CLIP-D,patch_mean,/media/CrispyMcMarkInc/Real_cropped_1024/00098.jpg,real,0.23053151857751755,0.5860474109649658
00046,CLIP-D,patch_mean,/media/CrispyMcMarkInc/Real_cropped_1024/00046.jpg,real,0.30253477502660253,6.235352516174316
00079,CLIP-D,patch_mean,/media/CrispyMcMarkInc/Real_cropped_1024/00079.jpg,real,0.291002845518107,0.716031551361084
00090,CLIP-D,patch_mean,/media/CrispyMcMarkInc/Real_cropped_1024/00090.jpg,real,0.20748293418207286,0.626307487487793
00085,CLIP-D,patch_mean,/media/CrispyMcMarkInc/Real_cropped_1024/00085.jpg,fake,0.7342596026482405,0.5445206165313721
00071,CLIP-D,patch_mean,/media/CrispyMcMarkInc/Real_cropped_1024/00071.jpg,real,0.3145688316658323,0.8789935111999512
00070,CLIP-D,patch_mean,/media/CrispyMcMarkInc/Real_cropped_1024/00070.jpg,fake,0.6114899122420653,0.6310536861419678
00047,CLIP-D,patch_mean,/media/CrispyMcMarkInc/Real_cropped_1024/00047.jpg,fake,0.7475566768351897,0.46353602409362793
00042,CLIP-D,patch_mean,/media/CrispyMcMarkInc/Real_cropped_1024/00042.jpg,fake,0.5416998693052634,0.4658184051513672
00003,CLIP-D,patch_mean,/media/CrispyMcMarkInc/Real_cropped_1024/00003.jpg,fake,0.7474037018823035,0.47614598274230957
00068,CLIP-D,patch_mean,/media/CrispyMcMarkInc/Real_cropped_1024/00068.jpg,real,0.457426475154029,0.6433281898498535
00062,CLIP-D,patch_mean,/media/CrispyMcMarkInc/Real_cropped_1024/00062.jpg,real,0.3916168960938115,0.6064598560333252
00024,CLIP-D,patch_mean,/media/CrispyMcMarkInc/Real_cropped_1024/00024.jpg,fake,0.5178160237861268,0.616591215133667
00010,CLIP-D,patch_mean,/media/CrispyMcMarkInc/Real_cropped_1024/00010.jpg,fake,0.7252610815160069,0.49508070945739746
00011,CLIP-D,patch_mean,/media/CrispyMcMarkInc/Real_cropped_1024/00011.jpg,real,0.39975165594139217,0.4754452705383301
00089,CLIP-D,patch_mean,/media/CrispyMcMarkInc/Real_cropped_1024/00089.jpg,real,0.4609239966965016,0.5689265727996826
00055,CLIP-D,patch_mean,/media/CrispyMcMarkInc/Real_cropped_1024/00055.jpg,fake,0.523743051805614,1.0110926628112793
00016,CLIP-D,patch_mean,/media/CrispyMcMarkInc/Real_cropped_1024/00016.jpg,fake,0.5522278882103202,2.269533157348633
00093,CLIP-D,patch_mean,/media/CrispyMcMarkInc/Real_cropped_1024/00093.jpg,fake,0.6611331822695555,0.49437499046325684
00086,CLIP-D,patch_mean,/media/CrispyMcMarkInc/Real_cropped_1024/00086.jpg,fake,0.7625696714277621,0.5194284915924072
00023,CLIP-D,patch_mean,/media/CrispyMcMarkInc/Real_cropped_1024/00023.jpg,fake,0.7873217857178346,1.3697552680969238
00020,CLIP-D,patch_mean,/media/CrispyMcMarkInc/Real_cropped_1024/00020.jpg,real,0.2547844554309124,1.070328712463379
00032,CLIP-D,patch_mean,/media/CrispyMcMarkInc/Real_cropped_1024/00032.jpg,real,0.4557322561740875,6.861325263977051
00048,CLIP-D,patch_mean,/media/CrispyMcMarkInc/Real_cropped_1024/00048.jpg,real,0.474189360440999,3.3289711475372314
00044,CLIP-D,patch_mean,/media/CrispyMcMarkInc/Real_cropped_1024/00044.jpg,real,0.471931645002814,0.7986671924591064
00004,CLIP-D,patch_mean,/media/CrispyMcMarkInc/Real_cropped_1024/00004.jpg,real,0.2999972137680024,0.62980055809021
00053,CLIP-D,patch_mean,/media/CrispyMcMarkInc/Real_cropped_1024/00053.jpg,real,0.24879040263225266,0.46416306495666504
00014,CLIP-D,patch_mean,/media/CrispyMcMarkInc/Real_cropped_1024/00014.jpg,real,0.4794796308801498,0.47527027130126953
00080,CLIP-D,patch_mean,/media/CrispyMcMarkInc/Real_cropped_1024/00080.jpg,fake,0.7596615909794231,0.45807456970214844
00015,CLIP-D,patch_mean,/media/CrispyMcMarkInc/Real_cropped_1024/00015.jpg,real,0.2557818719910251,0.5529210567474365
00035,CLIP-D,patch_mean,/media/CrispyMcMarkInc/Real_cropped_1024/00035.jpg,fake,0.5613442911410037,0.5619621276855469
00075,CLIP-D,patch_mean,/media/CrispyMcMarkInc/Real_cropped_1024/00075.jpg,real,0.43951406127508774,0.7027633190155029
00064,CLIP-D,patch_mean,/media/CrispyMcMarkInc/Real_cropped_1024/00064.jpg,fake,0.6254701091919417,1.5280778408050537
00069,CLIP-D,patch_mean,/media/CrispyMcMarkInc/Real_cropped_1024/00069.jpg,fake,1.0,0.9295785427093506
00096,CLIP-D,patch_mean,/media/CrispyMcMarkInc/Real_cropped_1024/00096.jpg,fake,0.6599026484253966,1.341421127319336
00078,CLIP-D,patch_mean,/media/CrispyMcMarkInc/Real_cropped_1024/00078.jpg,fake,0.9669986337791254,0.7949416637420654
00060,CLIP-D,patch_mean,/media/CrispyMcMarkInc/Real_cropped_1024/00060.jpg,real,0.4311723264831084,8.818995952606201
00028,CLIP-D,patch_mean,/media/CrispyMcMarkInc/Real_cropped_1024/00028.jpg,real,0.41136458867953885,0.45740747451782227
00018,CLIP-D,patch_mean,/media/CrispyMcMarkInc/Real_cropped_1024/00018.jpg,real,0.29084695372040625,0.7109425067901611
00031,CLIP-D,patch_mean,/media/CrispyMcMarkInc/Real_cropped_1024/00031.jpg,fake,0.5666284051574306,0.4787924289703369
00052,CLIP-D,patch_mean,/media/CrispyMcMarkInc/Real_cropped_1024/00052.jpg,real,0.49611097155570016,0.694190263748169
00019,CLIP-D,patch_mean,/media/CrispyMcMarkInc/Real_cropped_1024/00019.jpg,fake,0.6279066637342359,0.4635148048400879
00065,CLIP-D,patch_mean,/media/CrispyMcMarkInc/Real_cropped_1024/00065.jpg,real,0.2279217588243845,0.45815348625183105
00082,CLIP-D,patch_mean,/media/CrispyMcMarkInc/Real_cropped_1024/00082.jpg,fake,0.7441298915648166,1.1159942150115967
00025,CLIP-D,patch_mean,/media/CrispyMcMarkInc/Real_cropped_1024/00025.jpg,real,0.42942768730867054,0.7434008121490479
00083,CLIP-D,patch_mean,/media/CrispyMcMarkInc/Real_cropped_1024/00083.jpg,real,0.3936790516370057,0.5850458145141602
00059,CLIP-D,patch_mean,/media/CrispyMcMarkInc/Real_cropped_1024/00059.jpg,real,0.23668131813188487,0.4729580879211426
00092,CLIP-D,patch_mean,/media/CrispyMcMarkInc/Real_cropped_1024/00092.jpg,real,0.2929151187662357,0.5882301330566406
00088,CLIP-D,patch_mean,/media/CrispyMcMarkInc/Real_cropped_1024/00088.jpg,fake,0.6775256686004592,1.2433204650878906
00056,CLIP-D,patch_mean,/media/CrispyMcMarkInc/Real_cropped_1024/00056.jpg,fake,0.7123986307853534,0.4770090579986572
00009,CLIP-D,patch_mean,/media/CrispyMcMarkInc/Real_cropped_1024/00009.jpg,real,0.4135851954328425,0.4797029495239258
00091,CLIP-D,patch_mean,/media/CrispyMcMarkInc/Real_cropped_1024/00091.jpg,fake,0.839927915069792,0.46512699127197266
00007,CLIP-D,patch_mean,/media/CrispyMcMarkInc/Real_cropped_1024/00007.jpg,fake,0.6648116753793057,1.1207160949707031
00067,CLIP-D,patch_mean,/media/CrispyMcMarkInc/Real_cropped_1024/00067.jpg,fake,0.5697214661373032,0.48546576499938965
00066,CLIP-D,patch_mean,/media/CrispyMcMarkInc/Real_cropped_1024/00066.jpg,real,0.27825559972337,0.4684579372406006
00000,CLIP-D,patch_mean,/media/CrispyMcMarkInc/Real_cropped_1024/00000.jpg,fake,0.7742208706008064,0.46075010299682617
00054,CLIP-D,patch_mean,/media/CrispyMcMarkInc/Real_cropped_1024/00054.jpg,fake,0.6172043184439341,0.5100524425506592
00002,CLIP-D,patch_mean,/media/CrispyMcMarkInc/Real_cropped_1024/00002.jpg,real,0.29594644579898427,0.5348856449127197
00072,CLIP-D,patch_mean,/media/CrispyMcMarkInc/Real_cropped_1024/00072.jpg,real,0.3600662239355805,0.6748886108398438
00036,CLIP-D,patch_mean,/media/CrispyMcMarkInc/Real_cropped_1024/00036.jpg,fake,0.606948034653877,0.7108047008514404
00084,CLIP-D,patch_mean,/media/CrispyMcMarkInc/Real_cropped_1024/00084.jpg,fake,0.6683017515841826,0.8247010707855225
00008,CLIP-D,patch_mean,/media/CrispyMcMarkInc/Real_cropped_1024/00008.jpg,real,0.1674515037038536,5.983747959136963
00049,CLIP-D,patch_mean,/media/CrispyMcMarkInc/Real_cropped_1024/00049.jpg,fake,0.7012564095634001,0.47626614570617676
00038,CLIP-D,patch_mean,/media/CrispyMcMarkInc/Real_cropped_1024/00038.jpg,fake,0.5482020922649053,0.4853806495666504
00039,CLIP-D,patch_mean,/media/CrispyMcMarkInc/Real_cropped_1024/00039.jpg,real,0.2126722818263519,2.225083589553833
00006,CLIP-D,patch_mean,/media/CrispyMcMarkInc/Real_cropped_1024/00006.jpg,real,0.4702264563192004,1.021643877029419
00041,CLIP-D,patch_mean,/media/CrispyMcMarkInc/Real_cropped_1024/00041.jpg,fake,0.6197894256056091,0.7077386379241943
00087,CLIP-D,patch_mean,/media/CrispyMcMarkInc/Real_cropped_1024/00087.jpg,fake,0.7474969821395697,0.48166894912719727
00021,CLIP-D,patch_mean,/media/CrispyMcMarkInc/Real_cropped_1024/00021.jpg,real,0.2663937542173598,1.2867286205291748
00045,CLIP-D,patch_mean,/media/CrispyMcMarkInc/Real_cropped_1024/00045.jpg,real,0.24462662871789048,0.6976854801177979
00081,CLIP-D,patch_mean,/media/CrispyMcMarkInc/Real_cropped_1024/00081.jpg,real,0.2620886357754101,0.8802571296691895
00013,CLIP-D,patch_mean,/media/CrispyMcMarkInc/Real_cropped_1024/00013.jpg,real,0.43014660405202043,0.8835973739624023
00034,CLIP-D,patch_mean,/media/CrispyMcMarkInc/Real_cropped_1024/00034.jpg,fake,0.868980160098017,5.466479301452637
00017,CLIP-D,patch_mean,/media/CrispyMcMarkInc/Real_cropped_1024/00017.jpg,real,0.28231905971044374,0.7256379127502441
00022,CLIP-D,patch_mean,/media/CrispyMcMarkInc/Real_cropped_1024/00022.jpg,real,0.28884062513617087,0.5257127285003662
00012,CLIP-D,patch_mean,/media/CrispyMcMarkInc/Real_cropped_1024/00012.jpg,fake,0.7139129874147014,0.5759973526000977
00057,CLIP-D,patch_mean,/media/CrispyMcMarkInc/Real_cropped_1024/00057.jpg,real,0.0,0.5328516960144043
00097,CLIP-D,patch_mean,/media/CrispyMcMarkInc/Real_cropped_1024/00097.jpg,real,0.0,0.512274980545044
00051,CLIP-D,patch_mean,/media/CrispyMcMarkInc/Real_cropped_1024/00051.jpg,real,0.0,0.4756448268890381
00027,CLIP-D,patch_mean,/media/CrispyMcMarkInc/Real_cropped_1024/00027.jpg,fake,1.0,0.49074578285217285
00043,CLIP-D,patch_mean,/media/CrispyMcMarkInc/Real_cropped_1024/00043.jpg,fake,1.0,0.8031229972839355
00073,CLIP-D,patch_mean,/media/CrispyMcMarkInc/Real_cropped_1024/00073.jpg,real,0.0,5.023853063583374
00033,CLIP-D,patch_mean,/media/CrispyMcMarkInc/Real_cropped_1024/00033.jpg,real,0.4720953342125372,0.9760630130767822
00030,CLIP-D,patch_mean,/media/CrispyMcMarkInc/Real_cropped_1024/00030.jpg,fake,0.5537625944908754,0.5612361431121826
00061,CLIP-D,patch_mean,/media/CrispyMcMarkInc/Real_cropped_1024/00061.jpg,real,0.34466967428172074,0.5650534629821777
00063,CLIP-D,patch_mean,/media/CrispyMcMarkInc/Real_cropped_1024/00063.jpg,fake,0.7661280662143304,0.5752637386322021
00050,CLIP-D,patch_mean,/media/CrispyMcMarkInc/Real_cropped_1024/00050.jpg,fake,0.5567395763448727,0.457735538482666
00058,CLIP-D,patch_mean,/media/CrispyMcMarkInc/Real_cropped_1024/00058.jpg,fake,1.0,0.46046948432922363
00050,CLIP-D,patch_max,/media/CrispyMcMarkInc/Real_cropped_1024/00050.jpg,fake,0.9373915195465088,0.4449951648712158
00058,CLIP-D,patch_max,/media/CrispyMcMarkInc/Real_cropped_1024/00058.jpg,fake,0.9627842307090759,0.45204973220825195
