batch_label,detector,image_path,prediction,confidence,elapsed_time
pg25_fp16,CLIP-D,/media/CrispyMcMarkInc/fake-images/pg25_fp16_p89_seed212_s30_g3.5.png,fake,0.9988000392913818,0.08682751655578613
pg25_fp16,CLIP-D,/media/CrispyMcMarkInc/fake-images/pg25_fp16_p74_seed197_s30_g3.5.png,fake,0.9987314343452454,0.0875847339630127
sd35_fp8,CLIP-D,/media/CrispyMcMarkInc/fake-images/sd35_fp8_p81_seed204_s30_g3.5.png,fake,0.9990990161895752,0.08851957321166992
sd15_fp4,CLIP-D,/media/CrispyMcMarkInc/fake-images/sd15_fp4_p22_seed145_s30_g3.5.png,fake,0.9999575614929199,0.0706024169921875
sd15_fp8,CLIP-D,/media/CrispyMcMarkInc/fake-images/sd15_fp8_p20_seed143_s30_g3.5.png,fake,0.9996644258499146,0.06992697715759277
pg25_fp16,CLIP-D,/media/CrispyMcMarkInc/fake-images/pg25_fp16_p10_seed133_s30_g3.5.png,fake,0.9996600151062012,0.08784770965576172
pg25_fp8,CLIP-D,/media/CrispyMcMarkInc/fake-images/pg25_fp8_p0_seed123_s30_g3.5.png,fake,0.9999288320541382,0.0896139144897461
sd15_fp16,CLIP-D,/media/CrispyMcMarkInc/fake-images/sd15_fp16_p46_seed169_s30_g3.5.png,fake,0.9992988109588623,0.07196474075317383
sdxl_fp16,CLIP-D,/media/CrispyMcMarkInc/fake-images/sdxl_fp16_p76_seed199_s30_g3.5.png,fake,0.9996223449707031,0.08667254447937012
pg25_fp8,CLIP-D,/media/CrispyMcMarkInc/fake-images/pg25_fp8_p82_seed205_s30_g3.5.png,fake,0.9997681975364685,0.09509658813476562
sd35_fp16,CLIP-D,/media/CrispyMcMarkInc/fake-images/sd35_fp16_p70_seed193_s30_g3.5.png,fake,0.9998195767402649,0.09170269966125488
sdxl_fp16,CLIP-D,/media/CrispyMcMarkInc/fake-images/sdxl_fp16_p4_seed127_s30_g3.5.png,fake,0.9996752738952637,0.09361815452575684
pg25_fp16,CLIP-D,/media/CrispyMcMarkInc/fake-images/pg25_fp16_p20_seed143_s30_g3.5.png,fake,0.9998490810394287,0.09435915946960449
pg25_fp8,CLIP-D,/media/CrispyMcMarkInc/fake-images/pg25_fp8_p49_seed172_s30_g3.5.png,fake,0.9995457530021667,0.0870370864868164
sdxl_fp16,CLIP-D,/media/CrispyMcMarkInc/fake-images/sdxl_fp16_p28_seed151_s30_g3.5.png,fake,0.9999229907989502,0.08863377571105957
pg25_fp4,CLIP-D,/media/CrispyMcMarkInc/fake-images/pg25_fp4_p59_seed182_s30_g3.5.png,fake,0.9969393014907837,0.09310126304626465
z-image_fp16,CLIP-D,/media/CrispyMcMarkInc/fake-images/z-image_fp16_p19_seed142_s30_g3.5.png,fake,0.9992662072181702,0.09369635581970215
pg25_fp8,CLIP-D,/media/CrispyMcMarkInc/fake-images/pg25_fp8_p33_seed156_s30_g3.5.png,fake,0.999946117401123,0.09747576713562012
sdxl_fp8,CLIP-D,/media/CrispyMcMarkInc/fake-images/sdxl_fp8_p24_seed147_s30_g3.5.png,fake,0.9998632669448853,0.08913731575012207
sd15_fp16,CLIP-D,/media/CrispyMcMarkInc/fake-images/sd15_fp16_p10_seed133_s30_g3.5.png,fake,0.9910029172897339,0.07840609550476074
sd35_fp4,CLIP-D,/media/CrispyMcMarkInc/fake-images/sd35_fp4_p53_seed176_s30_g3.5.png,fake,0.9968616962432861,0.08579492568969727
pg25_fp16,CLIP-D,/media/CrispyMcMarkInc/fake-images/pg25_fp16_p9_seed132_s30_g3.5.png,fake,0.9990618824958801,0.08890938758850098
sd35_fp4,CLIP-D,/media/CrispyMcMarkInc/fake-images/sd35_fp4_p92_seed215_s30_g3.5.png,fake,0.9999063014984131,0.09470534324645996
sd15_fp16,CLIP-D,/media/CrispyMcMarkInc/fake-images/sd15_fp16_p82_seed205_s30_g3.5.png,fake,0.9996504783630371,0.07889223098754883
sd35_fp4,CLIP-D,/media/CrispyMcMarkInc/fake-images/sd35_fp4_p81_seed204_s30_g3.5.png,fake,0.998799204826355,0.09515690803527832
pg25_fp16,CLIP-D,/media/CrispyMcMarkInc/fake-images/pg25_fp16_p35_seed158_s30_g3.5.png,fake,0.9988049268722534,0.09181976318359375
sd35_fp4,CLIP-D,/media/CrispyMcMarkInc/fake-images/sd35_fp4_p42_seed165_s30_g3.5.png,fake,0.999263346195221,0.09039998054504395
sd35_fp8,CLIP-D,/media/CrispyMcMarkInc/fake-images/sd35_fp8_p65_seed188_s30_g3.5.png,fake,0.9999531507492065,0.09087991714477539
z-image_fp8,CLIP-D,/media/CrispyMcMarkInc/fake-images/z-image_fp8_p92_seed215_s30_g3.5.png,fake,0.9969413876533508,0.09556746482849121
sd35_fp16,CLIP-D,/media/CrispyMcMarkInc/fake-images/sd35_fp16_p95_seed218_s30_g3.5.png,fake,0.999934196472168,0.08617234230041504
z-image_fp4,CLIP-D,/media/CrispyMcMarkInc/fake-images/z-image_fp4_p22_seed145_s30_g3.5.png,fake,0.998933732509613,0.09428834915161133
pg25_fp4,CLIP-D,/media/CrispyMcMarkInc/fake-images/pg25_fp4_p88_seed211_s30_g3.5.png,fake,0.9984489679336548,0.09336400032043457
sdxl_fp4,CLIP-D,/media/CrispyMcMarkInc/fake-images/sdxl_fp4_p36_seed159_s30_g3.5.png,fake,0.9999620914459229,0.0873415470123291
z-image_fp4,CLIP-D,/media/CrispyMcMarkInc/fake-images/z-image_fp4_p93_seed216_s30_g3.5.png,fake,0.9863830804824829,0.09276008605957031
pg25_fp8,CLIP-D,/media/CrispyMcMarkInc/fake-images/pg25_fp8_p31_seed154_s30_g3.5.png,fake,0.9991428852081299,0.09456086158752441
z-image_fp8,CLIP-D,/media/CrispyMcMarkInc/fake-images/z-image_fp8_p48_seed171_s30_g3.5.png,fake,0.9994877576828003,0.0962679386138916
z-image_fp4,CLIP-D,/media/CrispyMcMarkInc/fake-images/z-image_fp4_p30_seed153_s30_g3.5.png,fake,0.9990405440330505,0.09573650360107422
sd3_fp4,CLIP-D,/media/CrispyMcMarkInc/fake-images/sd3_fp4_p22_seed145_s30_g3.5.png,fake,0.9999644756317139,0.08740472793579102
sdxl_fp8,CLIP-D,/media/CrispyMcMarkInc/fake-images/sdxl_fp8_p90_seed213_s30_g3.5.png,fake,0.9999381303787231,0.09584808349609375
sd3_fp8,CLIP-D,/media/CrispyMcMarkInc/fake-images/sd3_fp8_p94_seed217_s30_g3.5.png,fake,0.9998623132705688,0.09184026718139648
sd3_fp4,CLIP-D,/media/CrispyMcMarkInc/fake-images/sd3_fp4_p68_seed191_s30_g3.5.png,fake,0.9998999834060669,0.09342217445373535
sd15_fp8,CLIP-D,/media/CrispyMcMarkInc/fake-images/sd15_fp8_p81_seed204_s30_g3.5.png,fake,0.9994144439697266,0.07980918884277344
sd3_fp4,CLIP-D,/media/CrispyMcMarkInc/fake-images/sd3_fp4_p56_seed179_s30_g3.5.png,fake,0.9988399147987366,0.09326434135437012
sd3_fp8,CLIP-D,/media/CrispyMcMarkInc/fake-images/sd3_fp8_p68_seed191_s30_g3.5.png,fake,0.999933123588562,0.09099197387695312
pg25_fp4,CLIP-D,/media/CrispyMcMarkInc/fake-images/pg25_fp4_p68_seed191_s30_g3.5.png,fake,0.9998587369918823,0.09206867218017578
sd15_fp8,CLIP-D,/media/CrispyMcMarkInc/fake-images/sd15_fp8_p4_seed127_s30_g3.5.png,fake,0.9996262788772583,0.07615327835083008
sdxl_fp8,CLIP-D,/media/CrispyMcMarkInc/fake-images/sdxl_fp8_p66_seed189_s30_g3.5.png,fake,0.9999494552612305,0.088043212890625
sdxl_fp4,CLIP-D,/media/CrispyMcMarkInc/fake-images/sdxl_fp4_p35_seed158_s30_g3.5.png,fake,0.9989435076713562,0.09094405174255371
sdxl_fp8,CLIP-D,/media/CrispyMcMarkInc/fake-images/sdxl_fp8_p34_seed157_s30_g3.5.png,fake,0.9999843835830688,0.09253525733947754
sd15_fp4,CLIP-D,/media/CrispyMcMarkInc/fake-images/sd15_fp4_p63_seed186_s30_g3.5.png,fake,0.9994267225265503,0.07857561111450195
sd3_fp16,CLIP-D,/media/CrispyMcMarkInc/fake-images/sd3_fp16_p86_seed209_s30_g3.5.png,fake,0.9996533393859863,0.09044909477233887
sd3_fp16,CLIP-D,/media/CrispyMcMarkInc/fake-images/sd3_fp16_p37_seed160_s30_g3.5.png,fake,0.9997054934501648,0.08703112602233887
pg25_fp4,CLIP-D,/media/CrispyMcMarkInc/fake-images/pg25_fp4_p74_seed197_s30_g3.5.png,fake,0.9998038411140442,0.09348678588867188
sd15_fp8,CLIP-D,/media/CrispyMcMarkInc/fake-images/sd15_fp8_p67_seed190_s30_g3.5.png,fake,0.9999666213989258,0.07693123817443848
sd35_fp8,CLIP-D,/media/CrispyMcMarkInc/fake-images/sd35_fp8_p19_seed142_s30_g3.5.png,fake,0.9998762607574463,0.08941936492919922
pg25_fp8,CLIP-D,/media/CrispyMcMarkInc/fake-images/pg25_fp8_p41_seed164_s30_g3.5.png,fake,0.9998441934585571,0.0924072265625
sdxl_fp16,CLIP-D,/media/CrispyMcMarkInc/fake-images/sdxl_fp16_p22_seed145_s30_g3.5.png,fake,0.9999812841415405,0.08882021903991699
sd15_fp4,CLIP-D,/media/CrispyMcMarkInc/fake-images/sd15_fp4_p39_seed162_s30_g3.5.png,fake,0.9989830851554871,0.07884073257446289
sd3_fp4,CLIP-D,/media/CrispyMcMarkInc/fake-images/sd3_fp4_p96_seed219_s30_g3.5.png,fake,0.999458372592926,0.09304499626159668
z-image_fp4,CLIP-D,/media/CrispyMcMarkInc/fake-images/z-image_fp4_p98_seed221_s30_g3.5.png,fake,0.9996641874313354,0.09328126907348633
sd15_fp16,CLIP-D,/media/CrispyMcMarkInc/fake-images/sd15_fp16_p11_seed134_s30_g3.5.png,fake,0.999292254447937,0.07739472389221191
sdxl_fp8,CLIP-D,/media/CrispyMcMarkInc/fake-images/sdxl_fp8_p31_seed154_s30_g3.5.png,fake,0.9992395639419556,0.09313702583312988
sd3_fp8,CLIP-D,/media/CrispyMcMarkInc/fake-images/sd3_fp8_p66_seed189_s30_g3.5.png,fake,0.9995192289352417,0.09547972679138184
sd15_fp16,CLIP-D,/media/CrispyMcMarkInc/fake-images/sd15_fp16_p95_seed218_s30_g3.5.png,fake,0.9999141693115234,0.07710552215576172
sd3_fp8,CLIP-D,/media/CrispyMcMarkInc/fake-images/sd3_fp8_p80_seed203_s30_g3.5.png,fake,0.9993045330047607,0.09462809562683105
pg25_fp4,CLIP-D,/media/CrispyMcMarkInc/fake-images/pg25_fp4_p66_seed189_s30_g3.5.png,fake,0.9999465942382812,0.08959317207336426
sd35_fp4,CLIP-D,/media/CrispyMcMarkInc/fake-images/sd35_fp4_p21_seed144_s30_g3.5.png,fake,0.9999054670333862,0.08799099922180176
sd35_fp8,CLIP-D,/media/CrispyMcMarkInc/fake-images/sd35_fp8_p41_seed164_s30_g3.5.png,fake,0.9987102746963501,0.09290838241577148
sdxl_fp16,CLIP-D,/media/CrispyMcMarkInc/fake-images/sdxl_fp16_p12_seed135_s30_g3.5.png,fake,0.9999945163726807,0.08714890480041504
sd15_fp16,CLIP-D,/media/CrispyMcMarkInc/fake-images/sd15_fp16_p91_seed214_s30_g3.5.png,fake,0.9997462630271912,0.07759499549865723
pg25_fp16,CLIP-D,/media/CrispyMcMarkInc/fake-images/pg25_fp16_p81_seed204_s30_g3.5.png,fake,0.9977315068244934,0.09231233596801758
pg25_fp16,CLIP-D,/media/CrispyMcMarkInc/fake-images/pg25_fp16_p18_seed141_s30_g3.5.png,fake,0.9997919201850891,0.09231066703796387
sd15_fp4,CLIP-D,/media/CrispyMcMarkInc/fake-images/sd15_fp4_p30_seed153_s30_g3.5.png,fake,0.999618649482727,0.0780479907989502
z-image_fp16,CLIP-D,/media/CrispyMcMarkInc/fake-images/z-image_fp16_p41_seed164_s30_g3.5.png,fake,0.9951666593551636,0.09343576431274414
sd35_fp4,CLIP-D,/media/CrispyMcMarkInc/fake-images/sd35_fp4_p22_seed145_s30_g3.5.png,fake,0.9997283816337585,0.08874392509460449
sd3_fp8,CLIP-D,/media/CrispyMcMarkInc/fake-images/sd3_fp8_p4_seed127_s30_g3.5.png,fake,0.999936580657959,0.0919344425201416
pg25_fp16,CLIP-D,/media/CrispyMcMarkInc/fake-images/pg25_fp16_p42_seed165_s30_g3.5.png,fake,0.9991974234580994,0.09119820594787598
z-image_fp8,CLIP-D,/media/CrispyMcMarkInc/fake-images/z-image_fp8_p62_seed185_s30_g3.5.png,fake,0.9972014427185059,0.0937349796295166
sd35_fp4,CLIP-D,/media/CrispyMcMarkInc/fake-images/sd35_fp4_p68_seed191_s30_g3.5.png,fake,0.9995405673980713,0.08493518829345703
z-image_fp8,CLIP-D,/media/CrispyMcMarkInc/fake-images/z-image_fp8_p84_seed207_s30_g3.5.png,fake,0.9988829493522644,0.09497523307800293
z-image_fp4,CLIP-D,/media/CrispyMcMarkInc/fake-images/z-image_fp4_p77_seed200_s30_g3.5.png,fake,0.9998441934585571,0.09492874145507812
z-image_fp4,CLIP-D,/media/CrispyMcMarkInc/fake-images/z-image_fp4_p60_seed183_s30_g3.5.png,fake,0.9997953772544861,0.09396219253540039
sd15_fp4,CLIP-D,/media/CrispyMcMarkInc/fake-images/sd15_fp4_p72_seed195_s30_g3.5.png,fake,0.9996114373207092,0.07748699188232422
sd35_fp8,CLIP-D,/media/CrispyMcMarkInc/fake-images/sd35_fp8_p60_seed183_s30_g3.5.png,fake,0.9998602867126465,0.09038186073303223
sd3_fp16,CLIP-D,/media/CrispyMcMarkInc/fake-images/sd3_fp16_p41_seed164_s30_g3.5.png,fake,0.9982459545135498,0.09516525268554688
z-image_fp16,CLIP-D,/media/CrispyMcMarkInc/fake-images/z-image_fp16_p54_seed177_s30_g3.5.png,fake,0.9974557757377625,0.08984112739562988
z-image_fp16,CLIP-D,/media/CrispyMcMarkInc/fake-images/z-image_fp16_p89_seed212_s30_g3.5.png,fake,0.9940001964569092,0.09389996528625488
sdxl_fp16,CLIP-D,/media/CrispyMcMarkInc/fake-images/sdxl_fp16_p70_seed193_s30_g3.5.png,fake,0.9999176263809204,0.09179306030273438
sdxl_fp8,CLIP-D,/media/CrispyMcMarkInc/fake-images/sdxl_fp8_p78_seed201_s30_g3.5.png,fake,0.9992738366127014,0.08776569366455078
z-image_fp8,CLIP-D,/media/CrispyMcMarkInc/fake-images/z-image_fp8_p28_seed151_s30_g3.5.png,fake,0.9997592568397522,0.09554648399353027
sd15_fp8,CLIP-D,/media/CrispyMcMarkInc/fake-images/sd15_fp8_p55_seed178_s30_g3.5.png,fake,0.9998340606689453,0.07696127891540527
sd15_fp8,CLIP-D,/media/CrispyMcMarkInc/fake-images/sd15_fp8_p74_seed197_s30_g3.5.png,fake,0.9967600703239441,0.07792234420776367
pg25_fp8,CLIP-D,/media/CrispyMcMarkInc/fake-images/pg25_fp8_p54_seed177_s30_g3.5.png,fake,0.9999579191207886,0.08677315711975098
sd15_fp8,CLIP-D,/media/CrispyMcMarkInc/fake-images/sd15_fp8_p25_seed148_s30_g3.5.png,fake,0.9956004619598389,0.07671475410461426
sd3_fp4,CLIP-D,/media/CrispyMcMarkInc/fake-images/sd3_fp4_p21_seed144_s30_g3.5.png,fake,0.9999486207962036,0.09059882164001465
sd3_fp8,CLIP-D,/media/CrispyMcMarkInc/fake-images/sd3_fp8_p26_seed149_s30_g3.5.png,fake,0.9977275729179382,0.0893101692199707
sd3_fp8,CLIP-D,/media/CrispyMcMarkInc/fake-images/sd3_fp8_p9_seed132_s30_g3.5.png,fake,0.9999215602874756,0.09067058563232422
z-image_fp8,CLIP-D,/media/CrispyMcMarkInc/fake-images/z-image_fp8_p55_seed178_s30_g3.5.png,fake,0.9972827434539795,0.0952157974243164
z-image_fp16,CLIP-D,/media/CrispyMcMarkInc/fake-images/z-image_fp16_p38_seed161_s30_g3.5.png,fake,0.9988301396369934,0.0920877456665039
pg25_fp8,CLIP-D,/media/CrispyMcMarkInc/fake-images/pg25_fp8_p99_seed222_s30_g3.5.png,fake,0.9975658655166626,0.09200787544250488
sdxl_fp16,CLIP-D,/media/CrispyMcMarkInc/fake-images/sdxl_fp16_p86_seed209_s30_g3.5.png,fake,0.9999035596847534,0.08552432060241699
z-image_fp16,CLIP-D,/media/CrispyMcMarkInc/fake-images/z-image_fp16_p93_seed216_s30_g3.5.png,fake,0.9575397968292236,0.09388971328735352
z-image_fp8,CLIP-D,/media/CrispyMcMarkInc/fake-images/z-image_fp8_p93_seed216_s30_g3.5.png,fake,0.9825232028961182,0.09350919723510742
sd35_fp16,CLIP-D,/media/CrispyMcMarkInc/fake-images/sd35_fp16_p83_seed206_s30_g3.5.png,fake,0.999968409538269,0.09185147285461426
sdxl_fp4,CLIP-D,/media/CrispyMcMarkInc/fake-images/sdxl_fp4_p77_seed200_s30_g3.5.png,fake,0.9999510049819946,0.09467172622680664
z-image_fp16,CLIP-D,/media/CrispyMcMarkInc/fake-images/z-image_fp16_p44_seed167_s30_g3.5.png,fake,0.9546406865119934,0.09169483184814453
z-image_fp8,CLIP-D,/media/CrispyMcMarkInc/fake-images/z-image_fp8_p24_seed147_s30_g3.5.png,fake,0.9995189905166626,0.09576797485351562
z-image_fp8,CLIP-D,/media/CrispyMcMarkInc/fake-images/z-image_fp8_p31_seed154_s30_g3.5.png,fake,0.9993813037872314,0.0949399471282959
sd3_fp16,CLIP-D,/media/CrispyMcMarkInc/fake-images/sd3_fp16_p56_seed179_s30_g3.5.png,fake,0.999064028263092,0.09368038177490234
sd3_fp8,CLIP-D,/media/CrispyMcMarkInc/fake-images/sd3_fp8_p31_seed154_s30_g3.5.png,fake,0.9989649057388306,0.08807063102722168
sd3_fp16,CLIP-D,/media/CrispyMcMarkInc/fake-images/sd3_fp16_p72_seed195_s30_g3.5.png,fake,0.999887228012085,0.0893869400024414
z-image_fp16,CLIP-D,/media/CrispyMcMarkInc/fake-images/z-image_fp16_p91_seed214_s30_g3.5.png,fake,0.9979400038719177,0.09392356872558594
z-image_fp8,CLIP-D,/media/CrispyMcMarkInc/fake-images/z-image_fp8_p60_seed183_s30_g3.5.png,fake,0.9989595413208008,0.09520840644836426
sd3_fp4,CLIP-D,/media/CrispyMcMarkInc/fake-images/sd3_fp4_p69_seed192_s30_g3.5.png,fake,0.9994739890098572,0.08554244041442871
pg25_fp4,CLIP-D,/media/CrispyMcMarkInc/fake-images/pg25_fp4_p24_seed147_s30_g3.5.png,fake,0.9999496936798096,0.09392905235290527
sd35_fp16,CLIP-D,/media/CrispyMcMarkInc/fake-images/sd35_fp16_p5_seed128_s30_g3.5.png,fake,0.9999966621398926,0.08608341217041016
sd3_fp8,CLIP-D,/media/CrispyMcMarkInc/fake-images/sd3_fp8_p74_seed197_s30_g3.5.png,fake,0.9999219179153442,0.09207558631896973
pg25_fp4,CLIP-D,/media/CrispyMcMarkInc/fake-images/pg25_fp4_p37_seed160_s30_g3.5.png,fake,0.9995918869972229,0.093780517578125
pg25_fp16,CLIP-D,/media/CrispyMcMarkInc/fake-images/pg25_fp16_p36_seed159_s30_g3.5.png,fake,0.9997766613960266,0.09462285041809082
sdxl_fp4,CLIP-D,/media/CrispyMcMarkInc/fake-images/sdxl_fp4_p6_seed129_s30_g3.5.png,fake,0.999859094619751,0.09224820137023926
sd15_fp8,CLIP-D,/media/CrispyMcMarkInc/fake-images/sd15_fp8_p95_seed218_s30_g3.5.png,fake,0.9999423027038574,0.07804298400878906
sd35_fp16,CLIP-D,/media/CrispyMcMarkInc/fake-images/sd35_fp16_p23_seed146_s30_g3.5.png,fake,0.9972038269042969,0.09158849716186523
sd35_fp16,CLIP-D,/media/CrispyMcMarkInc/fake-images/sd35_fp16_p69_seed192_s30_g3.5.png,fake,0.9997536540031433,0.09024643898010254
z-image_fp4,CLIP-D,/media/CrispyMcMarkInc/fake-images/z-image_fp4_p1_seed124_s30_g3.5.png,fake,0.9999748468399048,0.09153485298156738
z-image_fp8,CLIP-D,/media/CrispyMcMarkInc/fake-images/z-image_fp8_p49_seed172_s30_g3.5.png,fake,0.9989697933197021,0.09378170967102051
sd15_fp8,CLIP-D,/media/CrispyMcMarkInc/fake-images/sd15_fp8_p1_seed124_s30_g3.5.png,fake,0.9992928504943848,0.07197856903076172
sdxl_fp4,CLIP-D,/media/CrispyMcMarkInc/fake-images/sdxl_fp4_p79_seed202_s30_g3.5.png,fake,0.9997276663780212,0.09336209297180176
z-image_fp8,CLIP-D,/media/CrispyMcMarkInc/fake-images/z-image_fp8_p40_seed163_s30_g3.5.png,fake,0.9998321533203125,0.0953819751739502
sd3_fp16,CLIP-D,/media/CrispyMcMarkInc/fake-images/sd3_fp16_p10_seed133_s30_g3.5.png,fake,0.9715979695320129,0.09286737442016602
z-image_fp4,CLIP-D,/media/CrispyMcMarkInc/fake-images/z-image_fp4_p84_seed207_s30_g3.5.png,fake,0.9999434947967529,0.09440732002258301
pg25_fp16,CLIP-D,/media/CrispyMcMarkInc/fake-images/pg25_fp16_p19_seed142_s30_g3.5.png,fake,0.9992923736572266,0.08984112739562988
sd3_fp16,CLIP-D,/media/CrispyMcMarkInc/fake-images/sd3_fp16_p19_seed142_s30_g3.5.png,fake,0.9996968507766724,0.09124588966369629
z-image_fp16,CLIP-D,/media/CrispyMcMarkInc/fake-images/z-image_fp16_p84_seed207_s30_g3.5.png,fake,0.9950886368751526,0.09565114974975586
pg25_fp16,CLIP-D,/media/CrispyMcMarkInc/fake-images/pg25_fp16_p41_seed164_s30_g3.5.png,fake,0.9998026490211487,0.0924527645111084
pg25_fp4,CLIP-D,/media/CrispyMcMarkInc/fake-images/pg25_fp4_p99_seed222_s30_g3.5.png,fake,0.9995324611663818,0.09032273292541504
sd3_fp8,CLIP-D,/media/CrispyMcMarkInc/fake-images/sd3_fp8_p12_seed135_s30_g3.5.png,fake,0.9996681213378906,0.0906522274017334
sd3_fp8,CLIP-D,/media/CrispyMcMarkInc/fake-images/sd3_fp8_p43_seed166_s30_g3.5.png,fake,0.9995120763778687,0.0873260498046875
z-image_fp8,CLIP-D,/media/CrispyMcMarkInc/fake-images/z-image_fp8_p37_seed160_s30_g3.5.png,fake,0.9998962879180908,0.09189963340759277
sd3_fp4,CLIP-D,/media/CrispyMcMarkInc/fake-images/sd3_fp4_p36_seed159_s30_g3.5.png,fake,0.9998764991760254,0.09186863899230957
sdxl_fp16,CLIP-D,/media/CrispyMcMarkInc/fake-images/sdxl_fp16_p96_seed219_s30_g3.5.png,fake,0.9998906850814819,0.09682464599609375
sd35_fp4,CLIP-D,/media/CrispyMcMarkInc/fake-images/sd35_fp4_p0_seed123_s30_g3.5.png,fake,0.9999926090240479,0.09047222137451172
pg25_fp8,CLIP-D,/media/CrispyMcMarkInc/fake-images/pg25_fp8_p27_seed150_s30_g3.5.png,fake,0.9997106194496155,0.09466314315795898
z-image_fp8,CLIP-D,/media/CrispyMcMarkInc/fake-images/z-image_fp8_p83_seed206_s30_g3.5.png,fake,0.9998193383216858,0.09485387802124023
pg25_fp4,CLIP-D,/media/CrispyMcMarkInc/fake-images/pg25_fp4_p72_seed195_s30_g3.5.png,fake,0.9997976422309875,0.09272599220275879
sdxl_fp4,CLIP-D,/media/CrispyMcMarkInc/fake-images/sdxl_fp4_p50_seed173_s30_g3.5.png,fake,0.999969482421875,0.09168529510498047
sdxl_fp16,CLIP-D,/media/CrispyMcMarkInc/fake-images/sdxl_fp16_p87_seed210_s30_g3.5.png,fake,0.9999814033508301,0.08628606796264648
sd35_fp16,CLIP-D,/media/CrispyMcMarkInc/fake-images/sd35_fp16_p94_seed217_s30_g3.5.png,fake,0.9995173215866089,0.0933072566986084
sd35_fp4,CLIP-D,/media/CrispyMcMarkInc/fake-images/sd35_fp4_p2_seed125_s30_g3.5.png,fake,0.9973869919776917,0.09078836441040039
z-image_fp4,CLIP-D,/media/CrispyMcMarkInc/fake-images/z-image_fp4_p62_seed185_s30_g3.5.png,fake,0.9975998997688293,0.09392547607421875
sd35_fp16,CLIP-D,/media/CrispyMcMarkInc/fake-images/sd35_fp16_p73_seed196_s30_g3.5.png,fake,0.9998589754104614,0.09128952026367188
pg25_fp4,CLIP-D,/media/CrispyMcMarkInc/fake-images/pg25_fp4_p21_seed144_s30_g3.5.png,fake,0.9999299049377441,0.08963608741760254
sd35_fp8,CLIP-D,/media/CrispyMcMarkInc/fake-images/sd35_fp8_p72_seed195_s30_g3.5.png,fake,0.9999792575836182,0.08688592910766602
z-image_fp16,CLIP-D,/media/CrispyMcMarkInc/fake-images/z-image_fp16_p16_seed139_s30_g3.5.png,fake,0.9994661211967468,0.09131598472595215
pg25_fp16,CLIP-D,/media/CrispyMcMarkInc/fake-images/pg25_fp16_p71_seed194_s30_g3.5.png,fake,0.9992027878761292,0.0930182933807373
sdxl_fp16,CLIP-D,/media/CrispyMcMarkInc/fake-images/sdxl_fp16_p14_seed137_s30_g3.5.png,fake,0.999964714050293,0.0891714096069336
sdxl_fp16,CLIP-D,/media/CrispyMcMarkInc/fake-images/sdxl_fp16_p45_seed168_s30_g3.5.png,fake,0.9999903440475464,0.08704519271850586
sdxl_fp8,CLIP-D,/media/CrispyMcMarkInc/fake-images/sdxl_fp8_p15_seed138_s30_g3.5.png,fake,0.9998806715011597,0.09116291999816895
pg25_fp8,CLIP-D,/media/CrispyMcMarkInc/fake-images/pg25_fp8_p61_seed184_s30_g3.5.png,fake,0.9992343187332153,0.09191370010375977
sd15_fp8,CLIP-D,/media/CrispyMcMarkInc/fake-images/sd15_fp8_p32_seed155_s30_g3.5.png,fake,0.9995773434638977,0.07772970199584961
sd3_fp4,CLIP-D,/media/CrispyMcMarkInc/fake-images/sd3_fp4_p60_seed183_s30_g3.5.png,fake,0.9997561573982239,0.08915901184082031
sd3_fp4,CLIP-D,/media/CrispyMcMarkInc/fake-images/sd3_fp4_p99_seed222_s30_g3.5.png,fake,0.9999680519104004,0.09649085998535156
sd35_fp8,CLIP-D,/media/CrispyMcMarkInc/fake-images/sd35_fp8_p52_seed175_s30_g3.5.png,fake,0.9998759031295776,0.08897805213928223
pg25_fp8,CLIP-D,/media/CrispyMcMarkInc/fake-images/pg25_fp8_p67_seed190_s30_g3.5.png,fake,0.999974250793457,0.092926025390625
sd3_fp8,CLIP-D,/media/CrispyMcMarkInc/fake-images/sd3_fp8_p89_seed212_s30_g3.5.png,fake,0.9997380375862122,0.09170269966125488
sdxl_fp8,CLIP-D,/media/CrispyMcMarkInc/fake-images/sdxl_fp8_p87_seed210_s30_g3.5.png,fake,0.999987006187439,0.08903837203979492
sd35_fp16,CLIP-D,/media/CrispyMcMarkInc/fake-images/sd35_fp16_p50_seed173_s30_g3.5.png,fake,0.999455988407135,0.09455394744873047
sd35_fp4,CLIP-D,/media/CrispyMcMarkInc/fake-images/sd35_fp4_p19_seed142_s30_g3.5.png,fake,0.9997997879981995,0.08304023742675781
pg25_fp16,CLIP-D,/media/CrispyMcMarkInc/fake-images/pg25_fp16_p86_seed209_s30_g3.5.png,fake,0.9999094009399414,0.09395051002502441
sd15_fp4,CLIP-D,/media/CrispyMcMarkInc/fake-images/sd15_fp4_p75_seed198_s30_g3.5.png,fake,0.9969980716705322,0.07890486717224121
sd3_fp4,CLIP-D,/media/CrispyMcMarkInc/fake-images/sd3_fp4_p74_seed197_s30_g3.5.png,fake,0.9999334812164307,0.09226703643798828
sd35_fp16,CLIP-D,/media/CrispyMcMarkInc/fake-images/sd35_fp16_p8_seed131_s30_g3.5.png,fake,0.9995942711830139,0.09077835083007812
sd3_fp16,CLIP-D,/media/CrispyMcMarkInc/fake-images/sd3_fp16_p89_seed212_s30_g3.5.png,fake,0.9993969202041626,0.0946037769317627
z-image_fp16,CLIP-D,/media/CrispyMcMarkInc/fake-images/z-image_fp16_p49_seed172_s30_g3.5.png,fake,0.99788898229599,0.09220266342163086
pg25_fp8,CLIP-D,/media/CrispyMcMarkInc/fake-images/pg25_fp8_p18_seed141_s30_g3.5.png,fake,0.9998363256454468,0.08657670021057129
sdxl_fp4,CLIP-D,/media/CrispyMcMarkInc/fake-images/sdxl_fp4_p11_seed134_s30_g3.5.png,fake,0.9999667406082153,0.09494376182556152
sd3_fp8,CLIP-D,/media/CrispyMcMarkInc/fake-images/sd3_fp8_p77_seed200_s30_g3.5.png,fake,0.9991115927696228,0.09314322471618652
sd35_fp8,CLIP-D,/media/CrispyMcMarkInc/fake-images/sd35_fp8_p27_seed150_s30_g3.5.png,fake,0.9997591376304626,0.0946500301361084
pg25_fp4,CLIP-D,/media/CrispyMcMarkInc/fake-images/pg25_fp4_p15_seed138_s30_g3.5.png,fake,0.9998689889907837,0.092620849609375
sdxl_fp4,CLIP-D,/media/CrispyMcMarkInc/fake-images/sdxl_fp4_p47_seed170_s30_g3.5.png,fake,0.9999544620513916,0.0879366397857666
sd3_fp8,CLIP-D,/media/CrispyMcMarkInc/fake-images/sd3_fp8_p24_seed147_s30_g3.5.png,fake,0.9996979236602783,0.0897059440612793
z-image_fp8,CLIP-D,/media/CrispyMcMarkInc/fake-images/z-image_fp8_p69_seed192_s30_g3.5.png,fake,0.9997438788414001,0.09328746795654297
pg25_fp16,CLIP-D,/media/CrispyMcMarkInc/fake-images/pg25_fp16_p92_seed215_s30_g3.5.png,fake,0.9999704360961914,0.08752179145812988
sd35_fp4,CLIP-D,/media/CrispyMcMarkInc/fake-images/sd35_fp4_p86_seed209_s30_g3.5.png,fake,0.9992601275444031,0.09378170967102051
sd15_fp16,CLIP-D,/media/CrispyMcMarkInc/fake-images/sd15_fp16_p64_seed187_s30_g3.5.png,fake,0.9982234835624695,0.07802200317382812
sdxl_fp4,CLIP-D,/media/CrispyMcMarkInc/fake-images/sdxl_fp4_p39_seed162_s30_g3.5.png,fake,0.999854564666748,0.08920812606811523
sd3_fp16,CLIP-D,/media/CrispyMcMarkInc/fake-images/sd3_fp16_p99_seed222_s30_g3.5.png,fake,0.9994783997535706,0.0890970230102539
pg25_fp16,CLIP-D,/media/CrispyMcMarkInc/fake-images/pg25_fp16_p55_seed178_s30_g3.5.png,fake,0.9999310970306396,0.08937287330627441
sd35_fp4,CLIP-D,/media/CrispyMcMarkInc/fake-images/sd35_fp4_p55_seed178_s30_g3.5.png,fake,0.999887228012085,0.09145045280456543
sd3_fp16,CLIP-D,/media/CrispyMcMarkInc/fake-images/sd3_fp16_p44_seed167_s30_g3.5.png,fake,0.999825656414032,0.09135317802429199
z-image_fp16,CLIP-D,/media/CrispyMcMarkInc/fake-images/z-image_fp16_p24_seed147_s30_g3.5.png,fake,0.99956876039505,0.09373998641967773
sd15_fp16,CLIP-D,/media/CrispyMcMarkInc/fake-images/sd15_fp16_p81_seed204_s30_g3.5.png,fake,0.9992857575416565,0.07299208641052246
sd15_fp8,CLIP-D,/media/CrispyMcMarkInc/fake-images/sd15_fp8_p5_seed128_s30_g3.5.png,fake,0.9996858835220337,0.07628488540649414
sdxl_fp8,CLIP-D,/media/CrispyMcMarkInc/fake-images/sdxl_fp8_p10_seed133_s30_g3.5.png,fake,0.9997451901435852,0.08852291107177734
z-image_fp8,CLIP-D,/media/CrispyMcMarkInc/fake-images/z-image_fp8_p52_seed175_s30_g3.5.png,fake,0.9998481273651123,0.09197854995727539
sdxl_fp4,CLIP-D,/media/CrispyMcMarkInc/fake-images/sdxl_fp4_p29_seed152_s30_g3.5.png,fake,0.9998972415924072,0.0906076431274414
sd3_fp16,CLIP-D,/media/CrispyMcMarkInc/fake-images/sd3_fp16_p31_seed154_s30_g3.5.png,fake,0.9907929301261902,0.08851790428161621
sd15_fp16,CLIP-D,/media/CrispyMcMarkInc/fake-images/sd15_fp16_p58_seed181_s30_g3.5.png,fake,0.9999257326126099,0.07626104354858398
sd3_fp8,CLIP-D,/media/CrispyMcMarkInc/fake-images/sd3_fp8_p13_seed136_s30_g3.5.png,fake,0.9992076754570007,0.08975839614868164
pg25_fp16,CLIP-D,/media/CrispyMcMarkInc/fake-images/pg25_fp16_p64_seed187_s30_g3.5.png,fake,0.9986961483955383,0.09572196006774902
sdxl_fp16,CLIP-D,/media/CrispyMcMarkInc/fake-images/sdxl_fp16_p53_seed176_s30_g3.5.png,fake,0.9999339580535889,0.09120655059814453
sdxl_fp4,CLIP-D,/media/CrispyMcMarkInc/fake-images/sdxl_fp4_p31_seed154_s30_g3.5.png,fake,0.9981884360313416,0.09312081336975098
z-image_fp4,CLIP-D,/media/CrispyMcMarkInc/fake-images/z-image_fp4_p99_seed222_s30_g3.5.png,fake,0.9998559951782227,0.09352993965148926
sd35_fp4,CLIP-D,/media/CrispyMcMarkInc/fake-images/sd35_fp4_p80_seed203_s30_g3.5.png,fake,0.9993926286697388,0.09584474563598633
sd15_fp4,CLIP-D,/media/CrispyMcMarkInc/fake-images/sd15_fp4_p4_seed127_s30_g3.5.png,fake,0.9963967204093933,0.07245445251464844
sdxl_fp8,CLIP-D,/media/CrispyMcMarkInc/fake-images/sdxl_fp8_p65_seed188_s30_g3.5.png,fake,0.9999752044677734,0.08758926391601562
sd35_fp8,CLIP-D,/media/CrispyMcMarkInc/fake-images/sd35_fp8_p10_seed133_s30_g3.5.png,fake,0.9995439648628235,0.0928504467010498
pg25_fp8,CLIP-D,/media/CrispyMcMarkInc/fake-images/pg25_fp8_p9_seed132_s30_g3.5.png,fake,0.9986739158630371,0.0890207290649414
sd15_fp8,CLIP-D,/media/CrispyMcMarkInc/fake-images/sd15_fp8_p8_seed131_s30_g3.5.png,fake,0.9984495639801025,0.07671689987182617
sd35_fp16,CLIP-D,/media/CrispyMcMarkInc/fake-images/sd35_fp16_p25_seed148_s30_g3.5.png,fake,0.9999561309814453,0.09080076217651367
sdxl_fp8,CLIP-D,/media/CrispyMcMarkInc/fake-images/sdxl_fp8_p71_seed194_s30_g3.5.png,fake,0.9997833371162415,0.09688234329223633
sdxl_fp4,CLIP-D,/media/CrispyMcMarkInc/fake-images/sdxl_fp4_p10_seed133_s30_g3.5.png,fake,0.9997395873069763,0.09177732467651367
sd3_fp8,CLIP-D,/media/CrispyMcMarkInc/fake-images/sd3_fp8_p85_seed208_s30_g3.5.png,fake,0.9991945624351501,0.09038543701171875
z-image_fp4,CLIP-D,/media/CrispyMcMarkInc/fake-images/z-image_fp4_p5_seed128_s30_g3.5.png,fake,0.9998346567153931,0.09237837791442871
pg25_fp8,CLIP-D,/media/CrispyMcMarkInc/fake-images/pg25_fp8_p71_seed194_s30_g3.5.png,fake,0.9991959929466248,0.09308791160583496
sdxl_fp8,CLIP-D,/media/CrispyMcMarkInc/fake-images/sdxl_fp8_p9_seed132_s30_g3.5.png,fake,0.9997647404670715,0.08430290222167969
sd3_fp16,CLIP-D,/media/CrispyMcMarkInc/fake-images/sd3_fp16_p52_seed175_s30_g3.5.png,fake,0.9998040795326233,0.08969855308532715
z-image_fp4,CLIP-D,/media/CrispyMcMarkInc/fake-images/z-image_fp4_p67_seed190_s30_g3.5.png,fake,0.999895453453064,0.09357905387878418
sdxl_fp8,CLIP-D,/media/CrispyMcMarkInc/fake-images/sdxl_fp8_p25_seed148_s30_g3.5.png,fake,0.999294638633728,0.08649682998657227
sdxl_fp4,CLIP-D,/media/CrispyMcMarkInc/fake-images/sdxl_fp4_p24_seed147_s30_g3.5.png,fake,0.9999407529830933,0.08818960189819336
sd15_fp8,CLIP-D,/media/CrispyMcMarkInc/fake-images/sd15_fp8_p6_seed129_s30_g3.5.png,fake,0.9888933300971985,0.07701420783996582
z-image_fp8,CLIP-D,/media/CrispyMcMarkInc/fake-images/z-image_fp8_p86_seed209_s30_g3.5.png,fake,0.997882068157196,0.09227681159973145
sdxl_fp8,CLIP-D,/media/CrispyMcMarkInc/fake-images/sdxl_fp8_p38_seed161_s30_g3.5.png,fake,0.9998898506164551,0.09004378318786621
sdxl_fp16,CLIP-D,/media/CrispyMcMarkInc/fake-images/sdxl_fp16_p36_seed159_s30_g3.5.png,fake,0.9999682903289795,0.08421063423156738
z-image_fp16,CLIP-D,/media/CrispyMcMarkInc/fake-images/z-image_fp16_p85_seed208_s30_g3.5.png,fake,0.9995768666267395,0.09113597869873047
sd35_fp4,CLIP-D,/media/CrispyMcMarkInc/fake-images/sd35_fp4_p44_seed167_s30_g3.5.png,fake,0.9995366334915161,0.08990359306335449
sdxl_fp4,CLIP-D,/media/CrispyMcMarkInc/fake-images/sdxl_fp4_p45_seed168_s30_g3.5.png,fake,0.9999876022338867,0.08616328239440918
sdxl_fp4,CLIP-D,/media/CrispyMcMarkInc/fake-images/sdxl_fp4_p78_seed201_s30_g3.5.png,fake,0.9996010661125183,0.08147740364074707
sd3_fp4,CLIP-D,/media/CrispyMcMarkInc/fake-images/sd3_fp4_p71_seed194_s30_g3.5.png,fake,0.9999312162399292,0.09226131439208984
pg25_fp4,CLIP-D,/media/CrispyMcMarkInc/fake-images/pg25_fp4_p61_seed184_s30_g3.5.png,fake,0.9996962547302246,0.0847482681274414
sdxl_fp16,CLIP-D,/media/CrispyMcMarkInc/fake-images/sdxl_fp16_p92_seed215_s30_g3.5.png,fake,0.9998806715011597,0.08470845222473145
sd3_fp8,CLIP-D,/media/CrispyMcMarkInc/fake-images/sd3_fp8_p23_seed146_s30_g3.5.png,fake,0.9953173398971558,0.08982396125793457
sd3_fp16,CLIP-D,/media/CrispyMcMarkInc/fake-images/sd3_fp16_p11_seed134_s30_g3.5.png,fake,0.9996676445007324,0.09159708023071289
z-image_fp16,CLIP-D,/media/CrispyMcMarkInc/fake-images/z-image_fp16_p29_seed152_s30_g3.5.png,fake,0.9989997744560242,0.09538483619689941
sd15_fp4,CLIP-D,/media/CrispyMcMarkInc/fake-images/sd15_fp4_p94_seed217_s30_g3.5.png,fake,0.9995787739753723,0.0778653621673584
z-image_fp16,CLIP-D,/media/CrispyMcMarkInc/fake-images/z-image_fp16_p22_seed145_s30_g3.5.png,fake,0.995098888874054,0.09164762496948242
sd35_fp16,CLIP-D,/media/CrispyMcMarkInc/fake-images/sd35_fp16_p93_seed216_s30_g3.5.png,fake,0.9997472167015076,0.08923053741455078
sdxl_fp16,CLIP-D,/media/CrispyMcMarkInc/fake-images/sdxl_fp16_p17_seed140_s30_g3.5.png,fake,0.9995703101158142,0.08732008934020996
pg25_fp4,CLIP-D,/media/CrispyMcMarkInc/fake-images/pg25_fp4_p90_seed213_s30_g3.5.png,fake,0.9994627833366394,0.09244275093078613
sd3_fp4,CLIP-D,/media/CrispyMcMarkInc/fake-images/sd3_fp4_p53_seed176_s30_g3.5.png,fake,0.9998051524162292,0.09110665321350098
sdxl_fp8,CLIP-D,/media/CrispyMcMarkInc/fake-images/sdxl_fp8_p17_seed140_s30_g3.5.png,fake,0.999502420425415,0.0875558853149414
sd3_fp8,CLIP-D,/media/CrispyMcMarkInc/fake-images/sd3_fp8_p81_seed204_s30_g3.5.png,fake,0.9940999150276184,0.09300470352172852
sd3_fp16,CLIP-D,/media/CrispyMcMarkInc/fake-images/sd3_fp16_p60_seed183_s30_g3.5.png,fake,0.9997488856315613,0.0905308723449707
sd35_fp16,CLIP-D,/media/CrispyMcMarkInc/fake-images/sd35_fp16_p12_seed135_s30_g3.5.png,fake,0.9999442100524902,0.08912801742553711
sd3_fp16,CLIP-D,/media/CrispyMcMarkInc/fake-images/sd3_fp16_p0_seed123_s30_g3.5.png,fake,0.9998903274536133,0.0921792984008789
sd35_fp16,CLIP-D,/media/CrispyMcMarkInc/fake-images/sd35_fp16_p77_seed200_s30_g3.5.png,fake,0.9996825456619263,0.09305310249328613
sd3_fp16,CLIP-D,/media/CrispyMcMarkInc/fake-images/sd3_fp16_p32_seed155_s30_g3.5.png,fake,0.9991216063499451,0.09383726119995117
sd15_fp16,CLIP-D,/media/CrispyMcMarkInc/fake-images/sd15_fp16_p30_seed153_s30_g3.5.png,fake,0.9952393770217896,0.07843613624572754
sdxl_fp8,CLIP-D,/media/CrispyMcMarkInc/fake-images/sdxl_fp8_p26_seed149_s30_g3.5.png,fake,0.9998096823692322,0.08254170417785645
sdxl_fp4,CLIP-D,/media/CrispyMcMarkInc/fake-images/sdxl_fp4_p93_seed216_s30_g3.5.png,fake,0.999342143535614,0.09131312370300293
sd15_fp16,CLIP-D,/media/CrispyMcMarkInc/fake-images/sd15_fp16_p60_seed183_s30_g3.5.png,fake,0.9999456405639648,0.0777132511138916
pg25_fp16,CLIP-D,/media/CrispyMcMarkInc/fake-images/pg25_fp16_p45_seed168_s30_g3.5.png,fake,0.9999172687530518,0.08861875534057617
sd35_fp16,CLIP-D,/media/CrispyMcMarkInc/fake-images/sd35_fp16_p75_seed198_s30_g3.5.png,fake,0.9999351501464844,0.09312295913696289
sd35_fp8,CLIP-D,/media/CrispyMcMarkInc/fake-images/sd35_fp8_p47_seed170_s30_g3.5.png,fake,0.9999356269836426,0.09176397323608398
sdxl_fp4,CLIP-D,/media/CrispyMcMarkInc/fake-images/sdxl_fp4_p96_seed219_s30_g3.5.png,fake,0.9999321699142456,0.09288525581359863
sdxl_fp8,CLIP-D,/media/CrispyMcMarkInc/fake-images/sdxl_fp8_p3_seed126_s30_g3.5.png,fake,0.9999055862426758,0.08911848068237305
z-image_fp4,CLIP-D,/media/CrispyMcMarkInc/fake-images/z-image_fp4_p24_seed147_s30_g3.5.png,fake,0.9999439716339111,0.09189677238464355
pg25_fp8,CLIP-D,/media/CrispyMcMarkInc/fake-images/pg25_fp8_p55_seed178_s30_g3.5.png,fake,0.9998894929885864,0.09173321723937988
sd3_fp16,CLIP-D,/media/CrispyMcMarkInc/fake-images/sd3_fp16_p93_seed216_s30_g3.5.png,fake,0.9917186498641968,0.09317183494567871
sd3_fp8,CLIP-D,/media/CrispyMcMarkInc/fake-images/sd3_fp8_p61_seed184_s30_g3.5.png,fake,0.9995740056037903,0.09308338165283203
sd15_fp16,CLIP-D,/media/CrispyMcMarkInc/fake-images/sd15_fp16_p21_seed144_s30_g3.5.png,fake,0.9997000694274902,0.0758521556854248
